,Symbol,Company,Month,EPS_Estimate,Reported_EPS,Surprise (%),Sign,Expectation,Performance
7,BAC,Bank of America Corp,2021/3/16,0.583,0.19699999999999998,2.62,positive,Pos_Average,OutP
8,BAC,Bank of America Corp,2021/2/14,0.5670000000000001,0.39299999999999996,5.24,positive,Above_Average,OutP
9,BAC,Bank of America Corp,2021/1/19,0.55,0.59,7.86,positive,Above_Average,OutP
10,BAC,Bank of America Corp,2020/12/20,0.53,0.563,6.39,positive,Above_Average,OutP
11,BAC,Bank of America Corp,2020/11/20,0.51,0.537,4.92,positive,Pos_Average,OutP
12,BAC,Bank of America Corp,2020/10/14,0.49,0.51,3.45,positive,Pos_Average,OutP
13,BAC,Bank of America Corp,2020/9/14,0.41700000000000004,0.46299999999999997,15.16,positive,Significantly_Above,OutP
14,BAC,Bank of America Corp,2020/8/15,0.34299999999999997,0.41700000000000004,26.87,positive,Significantly_Above,OutP
15,BAC,Bank of America Corp,2020/7/16,0.27,0.37,38.58,positive,Significantly_Above,OutP
16,BAC,Bank of America Corp,2020/6/16,0.33299999999999996,0.38,21.31,positive,Significantly_Above,regular
17,BAC,Bank of America Corp,2020/5/17,0.397,0.39,4.04,positive,Pos_Average,regular
18,BAC,Bank of America Corp,2020/4/15,0.46,0.4,-13.23,negative,Significantly_Below,regular
19,BAC,Bank of America Corp,2020/3/16,0.5329999999999999,0.513,-6.09,negative,Below_Average,regular
20,BAC,Bank of America Corp,2020/2/15,0.607,0.627,1.05,positive,Pos_Average,OutP
21,BAC,Bank of America Corp,2020/1/15,0.68,0.74,8.19,positive,Above_Average,OutP
22,BAC,Bank of America Corp,2019/12/16,0.623,0.68,9.017000000000001,positive,Above_Average,OutP
23,BAC,Bank of America Corp,2019/11/16,0.5670000000000001,0.62,9.843,positive,Above_Average,OutP
24,BAC,Bank of America Corp,2019/10/16,0.51,0.56,10.67,positive,Significantly_Above,OutP
25,BAC,Bank of America Corp,2019/9/16,0.5770000000000001,0.62,8.67,positive,Above_Average,OutP
26,BAC,Bank of America Corp,2019/8/17,0.643,0.68,6.67,positive,Above_Average,OutP
27,BAC,Bank of America Corp,2019/7/17,0.71,0.74,4.67,positive,Pos_Average,OutP
28,BAC,Bank of America Corp,2019/6/17,0.693,0.727,5.403,positive,Above_Average,OutP
29,BAC,Bank of America Corp,2019/5/18,0.677,0.713,6.1370000000000005,positive,Above_Average,OutP
30,BAC,Bank of America Corp,2019/4/16,0.66,0.7,6.87,positive,Above_Average,OutP
31,BAC,Bank of America Corp,2019/3/17,0.65,0.7,8.227,positive,Above_Average,OutP
32,BAC,Bank of America Corp,2019/2/15,0.64,0.7,9.583,positive,Above_Average,OutP
33,BAC,Bank of America Corp,2019/1/16,0.63,0.7,10.94,positive,Significantly_Above,OutP
34,BAC,Bank of America Corp,2018/12/17,0.627,0.687,9.443,positive,Above_Average,OutP
35,BAC,Bank of America Corp,2018/11/17,0.623,0.6729999999999999,7.947,positive,Above_Average,OutP
36,BAC,Bank of America Corp,2018/10/15,0.62,0.66,6.45,positive,Above_Average,OutP
37,BAC,Bank of America Corp,2018/9/15,0.603,0.65,7.81,positive,Above_Average,OutP
38,BAC,Bank of America Corp,2018/8/16,0.5870000000000001,0.64,9.17,positive,Above_Average,OutP
39,BAC,Bank of America Corp,2018/7/16,0.57,0.63,10.53,positive,Significantly_Above,OutP
40,BAC,Bank of America Corp,2018/6/16,0.5770000000000001,0.627,8.597000000000001,positive,Above_Average,OutP
41,BAC,Bank of America Corp,2018/5/17,0.583,0.623,6.662999999999999,positive,Above_Average,OutP
42,BAC,Bank of America Corp,2018/4/16,0.59,0.62,4.73,positive,Pos_Average,OutP
43,BAC,Bank of America Corp,2018/3/17,0.54,0.573,6.35,positive,Above_Average,OutP
44,BAC,Bank of America Corp,2018/2/15,0.49,0.527,7.97,positive,Above_Average,OutP
45,BAC,Bank of America Corp,2018/1/17,0.44,0.48,9.59,positive,Above_Average,OutP
46,BAC,Bank of America Corp,2017/12/18,0.44299999999999995,0.48,8.302999999999999,positive,Above_Average,OutP
47,BAC,Bank of America Corp,2017/11/18,0.447,0.48,7.017,positive,Above_Average,OutP
48,BAC,Bank of America Corp,2017/10/13,0.45,0.48,5.73,positive,Above_Average,OutP
49,BAC,Bank of America Corp,2017/9/13,0.44299999999999995,0.473,6.23,positive,Above_Average,OutP
50,BAC,Bank of America Corp,2017/8/14,0.43700000000000006,0.467,6.73,positive,Above_Average,OutP
51,BAC,Bank of America Corp,2017/7/18,0.43,0.46,7.23,positive,Above_Average,OutP
52,BAC,Bank of America Corp,2017/6/18,0.40299999999999997,0.44299999999999995,10.873,positive,Significantly_Above,OutP
53,BAC,Bank of America Corp,2017/5/19,0.377,0.42700000000000005,14.517000000000001,positive,Significantly_Above,OutP
54,BAC,Bank of America Corp,2017/4/18,0.35,0.41,18.16,positive,Significantly_Above,OutP
55,BAC,Bank of America Corp,2017/3/19,0.36,0.40700000000000003,14.232999999999999,positive,Significantly_Above,OutP
56,BAC,Bank of America Corp,2017/2/17,0.37,0.40299999999999997,10.307,positive,Significantly_Above,OutP
57,BAC,Bank of America Corp,2017/1/13,0.38,0.4,6.38,positive,Above_Average,OutP
58,BAC,Bank of America Corp,2016/12/14,0.36700000000000005,0.40299999999999997,11.593,positive,Significantly_Above,OutP
59,BAC,Bank of America Corp,2016/11/14,0.353,0.40700000000000003,16.807000000000002,positive,Significantly_Above,OutP
60,BAC,Bank of America Corp,2016/10/17,0.34,0.41,22.02,positive,Significantly_Above,OutP
61,BAC,Bank of America Corp,2016/9/17,0.337,0.39299999999999996,18.043,positive,Significantly_Above,OutP
62,BAC,Bank of America Corp,2016/8/18,0.33299999999999996,0.377,14.067,positive,Significantly_Above,OutP
63,BAC,Bank of America Corp,2016/7/18,0.33,0.36,10.09,positive,Significantly_Above,OutP
64,BAC,Bank of America Corp,2016/6/18,0.29,0.31,7.54,positive,Above_Average,OutP
65,BAC,Bank of America Corp,2016/5/19,0.25,0.26,4.99,positive,Pos_Average,OutP
66,BAC,Bank of America Corp,2016/4/14,0.21,0.21,2.44,positive,Pos_Average,OutP
67,BAC,Bank of America Corp,2016/3/15,0.22699999999999998,0.237,4.91,positive,Pos_Average,OutP
68,BAC,Bank of America Corp,2016/2/14,0.243,0.263,7.38,positive,Above_Average,regular
69,BAC,Bank of America Corp,2016/1/19,0.26,0.29,9.85,positive,Above_Average,regular
77,BK,Bank of New York Mellon Corp,2021/3/17,0.883,0.32,1.7530000000000001,positive,Pos_Average,OutP
78,BK,Bank of New York Mellon Corp,2021/2/15,0.897,0.64,3.5069999999999997,positive,Pos_Average,OutP
79,BK,Bank of New York Mellon Corp,2021/1/20,0.91,0.96,5.26,positive,Above_Average,OutP
80,BK,Bank of New York Mellon Corp,2020/12/21,0.92,0.9670000000000001,4.887,positive,Pos_Average,OutP
81,BK,Bank of New York Mellon Corp,2020/11/21,0.93,0.973,4.513,positive,Pos_Average,OutP
82,BK,Bank of New York Mellon Corp,2020/10/16,0.94,0.98,4.14,positive,Pos_Average,OutP
83,BK,Bank of New York Mellon Corp,2020/9/16,0.93,0.99,6.3,positive,Above_Average,OutP
84,BK,Bank of New York Mellon Corp,2020/8/17,0.92,1.0,8.46,positive,Above_Average,OutP
85,BK,Bank of New York Mellon Corp,2020/7/15,0.91,1.01,10.62,positive,Significantly_Above,OutP
86,BK,Bank of New York Mellon Corp,2020/6/15,0.907,1.023,12.463,positive,Significantly_Above,OutP
87,BK,Bank of New York Mellon Corp,2020/5/16,0.903,1.037,14.307,positive,Significantly_Above,OutP
88,BK,Bank of New York Mellon Corp,2020/4/16,0.9,1.05,16.15,positive,Significantly_Above,OutP
89,BK,Bank of New York Mellon Corp,2020/3/17,0.937,1.037,10.9,positive,Significantly_Above,OutP
90,BK,Bank of New York Mellon Corp,2020/2/16,0.973,1.023,5.65,positive,Above_Average,OutP
91,BK,Bank of New York Mellon Corp,2020/1/16,1.01,1.01,0.4,positive,Pos_Average,OutP
92,BK,Bank of New York Mellon Corp,2019/12/17,1.003,1.03,2.887,positive,Pos_Average,OutP
93,BK,Bank of New York Mellon Corp,2019/11/17,0.997,1.05,5.372999999999999,positive,Above_Average,OutP
94,BK,Bank of New York Mellon Corp,2019/10/16,0.99,1.07,7.86,positive,Above_Average,OutP
95,BK,Bank of New York Mellon Corp,2019/9/16,0.977,1.05,7.42,positive,Above_Average,OutP
96,BK,Bank of New York Mellon Corp,2019/8/17,0.963,1.03,6.98,positive,Above_Average,OutP
97,BK,Bank of New York Mellon Corp,2019/7/17,0.95,1.01,6.54,positive,Above_Average,OutP
98,BK,Bank of New York Mellon Corp,2019/6/17,0.953,0.987,3.733,positive,Pos_Average,regular
99,BK,Bank of New York Mellon Corp,2019/5/18,0.9570000000000001,0.963,0.927,positive,Pos_Average,regular
100,BK,Bank of New York Mellon Corp,2019/4/17,0.96,0.94,-1.88,negative,Neg_Average,regular
101,BK,Bank of New York Mellon Corp,2019/3/18,0.9470000000000001,0.9570000000000001,1.2830000000000001,positive,Pos_Average,OutP
102,BK,Bank of New York Mellon Corp,2019/2/16,0.9329999999999999,0.973,4.447,positive,Pos_Average,OutP
103,BK,Bank of New York Mellon Corp,2019/1/16,0.92,0.99,7.61,positive,Above_Average,OutP
104,BK,Bank of New York Mellon Corp,2018/12/17,0.96,1.013,5.847,positive,Above_Average,OutP
105,BK,Bank of New York Mellon Corp,2018/11/17,1.0,1.037,4.083,positive,Pos_Average,OutP
106,BK,Bank of New York Mellon Corp,2018/10/18,1.04,1.06,2.32,positive,Pos_Average,OutP
107,BK,Bank of New York Mellon Corp,2018/9/18,1.033,1.05,1.84,positive,Pos_Average,OutP
108,BK,Bank of New York Mellon Corp,2018/8/19,1.0270000000000001,1.04,1.36,positive,Pos_Average,OutP
109,BK,Bank of New York Mellon Corp,2018/7/19,1.02,1.03,0.88,positive,Pos_Average,OutP
110,BK,Bank of New York Mellon Corp,2018/6/19,1.0,1.053,5.37,positive,Above_Average,OutP
111,BK,Bank of New York Mellon Corp,2018/5/20,0.98,1.077,9.86,positive,Above_Average,OutP
112,BK,Bank of New York Mellon Corp,2018/4/19,0.96,1.1,14.35,positive,Significantly_Above,OutP
113,BK,Bank of New York Mellon Corp,2018/3/20,0.943,1.037,9.603,positive,Above_Average,OutP
114,BK,Bank of New York Mellon Corp,2018/2/18,0.927,0.973,4.857,positive,Pos_Average,OutP
115,BK,Bank of New York Mellon Corp,2018/1/18,0.91,0.91,0.11,positive,Pos_Average,OutP
116,BK,Bank of New York Mellon Corp,2017/12/19,0.9129999999999999,0.92,0.723,positive,Pos_Average,OutP
117,BK,Bank of New York Mellon Corp,2017/11/19,0.917,0.93,1.337,positive,Pos_Average,OutP
118,BK,Bank of New York Mellon Corp,2017/10/19,0.92,0.94,1.95,positive,Pos_Average,OutP
119,BK,Bank of New York Mellon Corp,2017/9/19,0.893,0.92,2.763,positive,Pos_Average,OutP
120,BK,Bank of New York Mellon Corp,2017/8/20,0.867,0.9,3.577,positive,Pos_Average,OutP
121,BK,Bank of New York Mellon Corp,2017/7/20,0.84,0.88,4.39,positive,Pos_Average,OutP
122,BK,Bank of New York Mellon Corp,2017/6/20,0.8270000000000001,0.863,4.177,positive,Pos_Average,OutP
123,BK,Bank of New York Mellon Corp,2017/5/21,0.813,0.847,3.963,positive,Pos_Average,OutP
124,BK,Bank of New York Mellon Corp,2017/4/20,0.8,0.83,3.75,positive,Pos_Average,OutP
125,BK,Bank of New York Mellon Corp,2017/3/21,0.79,0.81,2.4130000000000003,positive,Pos_Average,regular
126,BK,Bank of New York Mellon Corp,2017/2/19,0.78,0.79,1.077,positive,Pos_Average,regular
127,BK,Bank of New York Mellon Corp,2017/1/19,0.77,0.77,-0.26,negative,Neg_Average,regular
128,BK,Bank of New York Mellon Corp,2016/12/20,0.7829999999999999,0.813,3.577,positive,Pos_Average,OutP
129,BK,Bank of New York Mellon Corp,2016/11/20,0.797,0.857,7.412999999999999,positive,Above_Average,OutP
130,BK,Bank of New York Mellon Corp,2016/10/20,0.81,0.9,11.25,positive,Significantly_Above,OutP
131,BK,Bank of New York Mellon Corp,2016/9/20,0.79,0.853,7.9,positive,Above_Average,OutP
132,BK,Bank of New York Mellon Corp,2016/8/21,0.77,0.807,4.55,positive,Pos_Average,OutP
133,BK,Bank of New York Mellon Corp,2016/7/21,0.75,0.76,1.2,positive,Pos_Average,OutP
134,BK,Bank of New York Mellon Corp,2016/6/21,0.727,0.753,3.957,positive,Pos_Average,OutP
135,BK,Bank of New York Mellon Corp,2016/5/22,0.703,0.747,6.712999999999999,positive,Above_Average,OutP
136,BK,Bank of New York Mellon Corp,2016/4/21,0.68,0.74,9.47,positive,Above_Average,OutP
137,BK,Bank of New York Mellon Corp,2016/3/22,0.667,0.72,8.677,positive,Above_Average,OutP
138,BK,Bank of New York Mellon Corp,2016/2/21,0.653,0.7,7.882999999999999,positive,Above_Average,regular
139,BK,Bank of New York Mellon Corp,2016/1/21,0.64,0.68,7.09,positive,Above_Average,regular
150,CFG,Citizens Financial Group Inc,2021/3/17,0.9229999999999999,0.33,2.89,positive,Pos_Average,OutP
151,CFG,Citizens Financial Group Inc,2021/2/15,0.917,0.66,5.78,positive,Above_Average,OutP
152,CFG,Citizens Financial Group Inc,2021/1/20,0.91,0.99,8.67,positive,Above_Average,regular
153,CFG,Citizens Financial Group Inc,2020/12/21,0.853,0.887,3.077,positive,Pos_Average,regular
154,CFG,Citizens Financial Group Inc,2020/11/21,0.797,0.7829999999999999,-2.517,negative,Neg_Average,regular
155,CFG,Citizens Financial Group Inc,2020/10/16,0.74,0.68,-8.11,negative,Below_Average,regular
156,CFG,Citizens Financial Group Inc,2020/9/16,0.52,0.63,179.36700000000002,positive,Significantly_Above,OutP
157,CFG,Citizens Financial Group Inc,2020/8/17,0.3,0.58,366.843,positive,Significantly_Above,OutP
158,CFG,Citizens Financial Group Inc,2020/7/17,0.08,0.53,554.32,positive,Significantly_Above,OutP
159,CFG,Citizens Financial Group Inc,2020/6/17,0.18,0.363,338.88,positive,Significantly_Above,regular
160,CFG,Citizens Financial Group Inc,2020/5/18,0.28,0.19699999999999998,123.44,positive,Significantly_Above,regular
161,CFG,Citizens Financial Group Inc,2020/4/17,0.38,0.03,-92.0,negative,Significantly_Below,UnderP
162,CFG,Citizens Financial Group Inc,2020/3/18,0.57,0.34700000000000003,-60.317,negative,Significantly_Below,regular
163,CFG,Citizens Financial Group Inc,2020/2/17,0.76,0.6629999999999999,-28.633000000000003,negative,Significantly_Below,regular
164,CFG,Citizens Financial Group Inc,2020/1/17,0.95,0.98,3.05,positive,Pos_Average,OutP
165,CFG,Citizens Financial Group Inc,2019/12/18,0.953,0.977,2.2769999999999997,positive,Pos_Average,OutP
166,CFG,Citizens Financial Group Inc,2019/11/18,0.9570000000000001,0.973,1.5030000000000001,positive,Pos_Average,OutP
167,CFG,Citizens Financial Group Inc,2019/10/18,0.96,0.97,0.73,positive,Pos_Average,OutP
168,CFG,Citizens Financial Group Inc,2019/9/18,0.953,0.963,0.877,positive,Pos_Average,OutP
169,CFG,Citizens Financial Group Inc,2019/8/19,0.9470000000000001,0.9570000000000001,1.023,positive,Pos_Average,OutP
170,CFG,Citizens Financial Group Inc,2019/7/19,0.94,0.95,1.17,positive,Pos_Average,OutP
171,CFG,Citizens Financial Group Inc,2019/6/19,0.9229999999999999,0.94,1.943,positive,Pos_Average,OutP
172,CFG,Citizens Financial Group Inc,2019/5/20,0.907,0.93,2.717,positive,Pos_Average,OutP
173,CFG,Citizens Financial Group Inc,2019/4/18,0.89,0.92,3.49,positive,Pos_Average,OutP
174,CFG,Citizens Financial Group Inc,2019/3/19,0.907,0.9329999999999999,2.927,positive,Pos_Average,OutP
175,CFG,Citizens Financial Group Inc,2019/2/17,0.9229999999999999,0.9470000000000001,2.363,positive,Pos_Average,OutP
176,CFG,Citizens Financial Group Inc,2019/1/18,0.94,0.96,1.8,positive,Pos_Average,OutP
177,CFG,Citizens Financial Group Inc,2018/12/19,0.927,0.943,1.72,positive,Pos_Average,OutP
178,CFG,Citizens Financial Group Inc,2018/11/19,0.9129999999999999,0.927,1.64,positive,Pos_Average,OutP
179,CFG,Citizens Financial Group Inc,2018/10/19,0.9,0.91,1.56,positive,Pos_Average,OutP
180,CFG,Citizens Financial Group Inc,2018/9/19,0.883,0.9,2.097,positive,Pos_Average,OutP
181,CFG,Citizens Financial Group Inc,2018/8/20,0.867,0.89,2.633,positive,Pos_Average,OutP
182,CFG,Citizens Financial Group Inc,2018/7/20,0.85,0.88,3.17,positive,Pos_Average,OutP
183,CFG,Citizens Financial Group Inc,2018/6/20,0.82,0.847,3.127,positive,Pos_Average,OutP
184,CFG,Citizens Financial Group Inc,2018/5/21,0.79,0.813,3.083,positive,Pos_Average,OutP
185,CFG,Citizens Financial Group Inc,2018/4/20,0.76,0.78,3.04,positive,Pos_Average,OutP
186,CFG,Citizens Financial Group Inc,2018/3/21,0.73,0.757,3.86,positive,Pos_Average,OutP
187,CFG,Citizens Financial Group Inc,2018/2/19,0.7,0.733,4.68,positive,Pos_Average,OutP
188,CFG,Citizens Financial Group Inc,2018/1/19,0.67,0.71,5.5,positive,Above_Average,OutP
189,CFG,Citizens Financial Group Inc,2017/12/20,0.66,0.7,5.693,positive,Above_Average,OutP
190,CFG,Citizens Financial Group Inc,2017/11/20,0.65,0.69,5.8870000000000005,positive,Above_Average,OutP
191,CFG,Citizens Financial Group Inc,2017/10/20,0.64,0.68,6.08,positive,Above_Average,OutP
192,CFG,Citizens Financial Group Inc,2017/9/20,0.623,0.6629999999999999,6.193,positive,Above_Average,OutP
193,CFG,Citizens Financial Group Inc,2017/8/21,0.607,0.647,6.307,positive,Above_Average,OutP
194,CFG,Citizens Financial Group Inc,2017/7/21,0.59,0.63,6.42,positive,Above_Average,OutP
195,CFG,Citizens Financial Group Inc,2017/6/21,0.563,0.623,11.13,positive,Significantly_Above,OutP
196,CFG,Citizens Financial Group Inc,2017/5/22,0.537,0.617,15.84,positive,Significantly_Above,OutP
197,CFG,Citizens Financial Group Inc,2017/4/20,0.51,0.61,20.55,positive,Significantly_Above,OutP
198,CFG,Citizens Financial Group Inc,2017/3/21,0.513,0.59,15.557,positive,Significantly_Above,OutP
199,CFG,Citizens Financial Group Inc,2017/2/19,0.517,0.57,10.562999999999999,positive,Significantly_Above,OutP
200,CFG,Citizens Financial Group Inc,2017/1/20,0.52,0.55,5.57,positive,Above_Average,OutP
201,CFG,Citizens Financial Group Inc,2016/12/21,0.507,0.5529999999999999,9.107000000000001,positive,Above_Average,OutP
202,CFG,Citizens Financial Group Inc,2016/11/21,0.493,0.557,12.642999999999999,positive,Significantly_Above,OutP
203,CFG,Citizens Financial Group Inc,2016/10/21,0.48,0.56,16.18,positive,Significantly_Above,OutP
204,CFG,Citizens Financial Group Inc,2016/9/21,0.467,0.527,12.703,positive,Significantly_Above,OutP
205,CFG,Citizens Financial Group Inc,2016/8/22,0.45299999999999996,0.493,9.227,positive,Above_Average,OutP
206,CFG,Citizens Financial Group Inc,2016/7/21,0.44,0.46,5.75,positive,Above_Average,OutP
207,CFG,Citizens Financial Group Inc,2016/6/21,0.423,0.44299999999999995,5.723,positive,Above_Average,OutP
208,CFG,Citizens Financial Group Inc,2016/5/22,0.40700000000000003,0.42700000000000005,5.697,positive,Above_Average,OutP
209,CFG,Citizens Financial Group Inc,2016/4/21,0.39,0.41,5.67,positive,Above_Average,OutP
210,CFG,Citizens Financial Group Inc,2016/3/22,0.4,0.413,4.1,positive,Pos_Average,OutP
211,CFG,Citizens Financial Group Inc,2016/2/21,0.41,0.41700000000000004,2.53,positive,Pos_Average,regular
212,CFG,Citizens Financial Group Inc,2016/1/22,0.42,0.42,0.96,positive,Pos_Average,regular
220,COF,Capital One Financial Corp,2021/3/22,3.46,1.7830000000000001,28.976999999999997,positive,Significantly_Above,OutP
221,COF,Capital One Financial Corp,2021/2/20,3.16,3.5669999999999997,57.953,positive,Significantly_Above,OutP
222,COF,Capital One Financial Corp,2021/1/26,2.86,5.35,86.93,positive,Significantly_Above,OutP
223,COF,Capital One Financial Corp,2020/12/27,2.617,5.252999999999999,103.693,positive,Significantly_Above,OutP
224,COF,Capital One Financial Corp,2020/11/27,2.373,5.157,120.45700000000001,positive,Significantly_Above,OutP
225,COF,Capital One Financial Corp,2020/10/22,2.13,5.06,137.22,positive,Significantly_Above,OutP
226,COF,Capital One Financial Corp,2020/9/22,0.86,2.637,81.067,positive,Significantly_Above,regular
227,COF,Capital One Financial Corp,2020/8/23,-0.41,0.213,24.913,positive,Significantly_Above,regular
228,COF,Capital One Financial Corp,2020/7/21,-1.68,-2.21,-31.24,negative,Significantly_Below,UnderP
229,COF,Capital One Financial Corp,2020/6/21,-0.9470000000000001,-2.5069999999999997,-254.80700000000002,negative,Significantly_Below,UnderP
230,COF,Capital One Financial Corp,2020/5/22,-0.213,-2.803,-478.37300000000005,negative,Significantly_Below,UnderP
231,COF,Capital One Financial Corp,2020/4/23,0.52,-3.1,-701.94,negative,Significantly_Below,UnderP
232,COF,Capital One Financial Corp,2020/3/24,1.107,-1.317,-468.42699999999996,negative,Significantly_Below,UnderP
233,COF,Capital One Financial Corp,2020/2/23,1.693,0.467,-234.91299999999998,negative,Significantly_Below,UnderP
234,COF,Capital One Financial Corp,2020/1/21,2.28,2.25,-1.4,negative,Neg_Average,UnderP
235,COF,Capital One Financial Corp,2019/12/22,2.48,2.397,-3.12,negative,Neg_Average,UnderP
236,COF,Capital One Financial Corp,2019/11/22,2.68,2.543,-4.84,negative,Neg_Average,UnderP
237,COF,Capital One Financial Corp,2019/10/24,2.88,2.69,-6.56,negative,Below_Average,regular
238,COF,Capital One Financial Corp,2019/9/24,2.877,2.873,-0.063,negative,Neg_Average,regular
239,COF,Capital One Financial Corp,2019/8/25,2.873,3.057,6.433,positive,Above_Average,OutP
240,COF,Capital One Financial Corp,2019/7/18,2.87,3.24,12.93,positive,Significantly_Above,OutP
241,COF,Capital One Financial Corp,2019/6/18,2.813,3.113,10.597000000000001,positive,Significantly_Above,OutP
242,COF,Capital One Financial Corp,2019/5/19,2.7569999999999997,2.987,8.263,positive,Above_Average,regular
243,COF,Capital One Financial Corp,2019/4/25,2.7,2.86,5.93,positive,Above_Average,regular
244,COF,Capital One Financial Corp,2019/3/26,2.59,2.53,-3.113,negative,Neg_Average,UnderP
245,COF,Capital One Financial Corp,2019/2/24,2.48,2.2,-12.157,negative,Significantly_Below,UnderP
246,COF,Capital One Financial Corp,2019/1/22,2.37,1.87,-21.2,negative,Significantly_Below,UnderP
247,COF,Capital One Financial Corp,2018/12/23,2.54,2.2430000000000003,-12.812999999999999,negative,Significantly_Below,regular
248,COF,Capital One Financial Corp,2018/11/23,2.71,2.617,-4.427,negative,Neg_Average,regular
249,COF,Capital One Financial Corp,2018/10/23,2.88,2.99,3.96,positive,Pos_Average,OutP
250,COF,Capital One Financial Corp,2018/9/23,2.7969999999999997,3.23,16.347,positive,Significantly_Above,OutP
251,COF,Capital One Financial Corp,2018/8/24,2.713,3.47,28.733,positive,Significantly_Above,OutP
252,COF,Capital One Financial Corp,2018/7/19,2.63,3.71,41.12,positive,Significantly_Above,OutP
253,COF,Capital One Financial Corp,2018/6/19,2.5269999999999997,3.347,31.79,positive,Significantly_Above,OutP
254,COF,Capital One Financial Corp,2018/5/20,2.423,2.983,22.46,positive,Significantly_Above,OutP
255,COF,Capital One Financial Corp,2018/4/24,2.32,2.62,13.13,positive,Significantly_Above,regular
256,COF,Capital One Financial Corp,2018/3/25,2.173,2.2769999999999997,3.64,positive,Pos_Average,regular
257,COF,Capital One Financial Corp,2018/2/23,2.0269999999999997,1.933,-5.85,negative,Below_Average,UnderP
258,COF,Capital One Financial Corp,2018/1/23,1.88,1.59,-15.34,negative,Significantly_Below,UnderP
259,COF,Capital One Financial Corp,2017/12/24,1.97,1.7730000000000001,-10.337,negative,Significantly_Below,UnderP
260,COF,Capital One Financial Corp,2017/11/24,2.06,1.9569999999999999,-5.332999999999999,negative,Below_Average,regular
261,COF,Capital One Financial Corp,2017/10/24,2.15,2.14,-0.33,negative,Neg_Average,regular
262,COF,Capital One Financial Corp,2017/9/24,2.0669999999999997,2.073,0.5529999999999999,positive,Pos_Average,OutP
263,COF,Capital One Financial Corp,2017/8/25,1.983,2.0069999999999997,1.4369999999999998,positive,Pos_Average,regular
264,COF,Capital One Financial Corp,2017/7/20,1.9,1.94,2.32,positive,Pos_Average,regular
265,COF,Capital One Financial Corp,2017/6/20,1.9069999999999998,1.807,-5.08,negative,Below_Average,UnderP
266,COF,Capital One Financial Corp,2017/5/21,1.913,1.673,-12.48,negative,Significantly_Below,UnderP
267,COF,Capital One Financial Corp,2017/4/25,1.92,1.54,-19.88,negative,Significantly_Below,UnderP
268,COF,Capital One Financial Corp,2017/3/26,1.817,1.51,-16.473,negative,Significantly_Below,UnderP
269,COF,Capital One Financial Corp,2017/2/24,1.713,1.48,-13.067,negative,Significantly_Below,UnderP
270,COF,Capital One Financial Corp,2017/1/24,1.61,1.45,-9.66,negative,Below_Average,UnderP
271,COF,Capital One Financial Corp,2016/12/25,1.72,1.6,-7.16,negative,Below_Average,UnderP
272,COF,Capital One Financial Corp,2016/11/25,1.83,1.75,-4.66,negative,Neg_Average,UnderP
273,COF,Capital One Financial Corp,2016/10/25,1.94,1.9,-2.16,negative,Neg_Average,UnderP
274,COF,Capital One Financial Corp,2016/9/25,1.913,1.83,-4.487,negative,Neg_Average,UnderP
275,COF,Capital One Financial Corp,2016/8/26,1.8869999999999998,1.76,-6.813,negative,Below_Average,UnderP
276,COF,Capital One Financial Corp,2016/7/21,1.86,1.69,-9.14,negative,Below_Average,UnderP
277,COF,Capital One Financial Corp,2016/6/21,1.8769999999999998,1.74,-7.382999999999999,negative,Below_Average,UnderP
278,COF,Capital One Financial Corp,2016/5/22,1.893,1.79,-5.627000000000001,negative,Below_Average,UnderP
279,COF,Capital One Financial Corp,2016/4/26,1.91,1.84,-3.87,negative,Neg_Average,UnderP
280,COF,Capital One Financial Corp,2016/3/27,1.81,1.7530000000000001,-3.283,negative,Neg_Average,UnderP
281,COF,Capital One Financial Corp,2016/2/26,1.71,1.6669999999999998,-2.697,negative,Neg_Average,regular
282,COF,Capital One Financial Corp,2016/1/26,1.61,1.58,-2.11,negative,Neg_Average,regular
283,DB,Deutsche Bank Aktiengesellschaft,2021/2/4,0.16,0.18,16.13,positive,Significantly_Above,regular
284,DB,Deutsche Bank Aktiengesellschaft,2021/1/5,0.10300000000000001,0.09,-242.58,negative,Significantly_Below,UnderP
285,DB,Deutsche Bank Aktiengesellschaft,2020/12/6,0.047,0.0,-501.29,negative,Significantly_Below,UnderP
286,DB,Deutsche Bank Aktiengesellschaft,2020/10/28,-0.01,-0.09,-760.0,negative,Significantly_Below,regular
287,DB,Deutsche Bank Aktiengesellschaft,2020/9/28,-0.023,-0.003,-360.0,negative,Significantly_Below,regular
288,DB,Deutsche Bank Aktiengesellschaft,2020/8/29,-0.037000000000000005,0.083,40.0,positive,Significantly_Above,OutP
289,DB,Deutsche Bank Aktiengesellschaft,2020/7/29,-0.05,0.17,440.0,positive,Significantly_Above,OutP
290,DB,Deutsche Bank Aktiengesellschaft,2020/6/29,-0.073,0.147,353.333,positive,Significantly_Above,OutP
291,DB,Deutsche Bank Aktiengesellschaft,2020/5/30,-0.09699999999999999,0.12300000000000001,266.66700000000003,positive,Significantly_Above,OutP
292,DB,Deutsche Bank Aktiengesellschaft,2020/4/29,-0.12,0.1,180.0,positive,Significantly_Above,OutP
293,DB,Deutsche Bank Aktiengesellschaft,2020/3/30,-0.113,0.017,103.333,positive,Significantly_Above,regular
294,DB,Deutsche Bank Aktiengesellschaft,2020/2/29,-0.107,-0.067,26.666999999999998,positive,Significantly_Above,regular
295,DB,Deutsche Bank Aktiengesellschaft,2020/1/30,-0.1,-0.15,-50.0,negative,Significantly_Below,UnderP
296,DB,Deutsche Bank Aktiengesellschaft,2019/12/31,-0.03,-0.15,-112.12,negative,Significantly_Below,UnderP
297,DB,Deutsche Bank Aktiengesellschaft,2019/12/1,0.04,-0.15,-174.24,negative,Significantly_Below,UnderP
298,DB,Deutsche Bank Aktiengesellschaft,2019/10/30,0.11,-0.15,-236.36,negative,Significantly_Below,UnderP
299,DB,Deutsche Bank Aktiengesellschaft,2019/9/30,0.11699999999999999,-0.063,-162.7,negative,Significantly_Below,UnderP
300,DB,Deutsche Bank Aktiengesellschaft,2019/8/31,0.12300000000000001,0.023,-89.04,negative,Significantly_Below,UnderP
301,DB,Deutsche Bank Aktiengesellschaft,2019/7/24,0.13,0.11,-15.38,negative,Significantly_Below,UnderP
302,DB,Deutsche Bank Aktiengesellschaft,2019/6/24,0.13,0.107,-19.227,negative,Significantly_Below,UnderP
303,DB,Deutsche Bank Aktiengesellschaft,2019/5/25,0.13,0.10300000000000001,-23.073,negative,Significantly_Below,UnderP
304,DB,Deutsche Bank Aktiengesellschaft,2019/4/26,0.13,0.1,-26.92,negative,Significantly_Below,UnderP
305,DB,Deutsche Bank Aktiengesellschaft,2019/3/27,0.09699999999999999,0.033,-162.39,negative,Significantly_Below,UnderP
306,DB,Deutsche Bank Aktiengesellschaft,2019/2/25,0.063,-0.033,-297.86,negative,Significantly_Below,UnderP
307,DB,Deutsche Bank Aktiengesellschaft,2019/2/1,0.03,-0.1,-433.33,negative,Significantly_Below,UnderP
308,DB,Deutsche Bank Aktiengesellschaft,2019/1/2,0.14,-0.017,-308.33,negative,Significantly_Below,UnderP
309,DB,Deutsche Bank Aktiengesellschaft,2018/12/3,0.25,0.067,-183.33,negative,Significantly_Below,UnderP
310,DB,Deutsche Bank Aktiengesellschaft,2018/10/24,0.36,0.15,-58.33,negative,Significantly_Below,UnderP
311,DB,Deutsche Bank Aktiengesellschaft,2018/9/24,0.31,0.187,-30.95,negative,Significantly_Below,regular
312,DB,Deutsche Bank Aktiengesellschaft,2018/8/25,0.26,0.223,-3.57,negative,Neg_Average,regular
313,DB,Deutsche Bank Aktiengesellschaft,2018/7/25,0.21,0.26,23.81,positive,Significantly_Above,OutP
314,DB,Deutsche Bank Aktiengesellschaft,2018/6/25,0.237,0.27699999999999997,18.173,positive,Significantly_Above,OutP
315,DB,Deutsche Bank Aktiengesellschaft,2018/5/26,0.263,0.293,12.537,positive,Significantly_Above,regular
316,DB,Deutsche Bank Aktiengesellschaft,2018/4/26,0.29,0.31,6.9,positive,Above_Average,regular
317,DB,Deutsche Bank Aktiengesellschaft,2018/3/27,0.21,0.19699999999999998,-48.733000000000004,negative,Significantly_Below,UnderP
318,DB,Deutsche Bank Aktiengesellschaft,2018/2/25,0.13,0.083,-104.367,negative,Significantly_Below,UnderP
319,DB,Deutsche Bank Aktiengesellschaft,2018/2/2,0.05,-0.03,-160.0,negative,Significantly_Below,UnderP
320,DB,Deutsche Bank Aktiengesellschaft,2018/1/3,0.14,0.10300000000000001,-100.84700000000001,negative,Significantly_Below,regular
321,DB,Deutsche Bank Aktiengesellschaft,2017/12/4,0.23,0.237,-41.693000000000005,negative,Significantly_Below,regular
322,DB,Deutsche Bank Aktiengesellschaft,2017/10/26,0.32,0.37,17.46,positive,Significantly_Above,regular
323,DB,Deutsche Bank Aktiengesellschaft,2017/9/26,0.303,0.327,7.937,positive,Above_Average,regular
324,DB,Deutsche Bank Aktiengesellschaft,2017/8/27,0.287,0.28300000000000003,-1.587,negative,Neg_Average,UnderP
325,DB,Deutsche Bank Aktiengesellschaft,2017/7/27,0.27,0.24,-11.11,negative,Significantly_Below,UnderP
326,DB,Deutsche Bank Aktiengesellschaft,2017/6/27,0.313,0.287,-9.073,negative,Below_Average,UnderP
327,DB,Deutsche Bank Aktiengesellschaft,2017/5/28,0.35700000000000004,0.33299999999999996,-7.037000000000001,negative,Below_Average,regular
328,DB,Deutsche Bank Aktiengesellschaft,2017/4/27,0.4,0.38,-5.0,negative,Neg_Average,regular
329,DB,Deutsche Bank Aktiengesellschaft,2017/3/28,0.26,0.27,113.333,positive,Significantly_Above,OutP
330,DB,Deutsche Bank Aktiengesellschaft,2017/2/26,0.12,0.16,231.667,positive,Significantly_Above,OutP
331,DB,Deutsche Bank Aktiengesellschaft,2017/2/2,-0.02,0.05,350.0,positive,Significantly_Above,OutP
332,DB,Deutsche Bank Aktiengesellschaft,2017/1/3,0.113,0.19699999999999998,243.183,positive,Significantly_Above,OutP
333,DB,Deutsche Bank Aktiengesellschaft,2016/12/4,0.247,0.34299999999999997,136.36700000000002,positive,Significantly_Above,OutP
334,DB,Deutsche Bank Aktiengesellschaft,2016/10/27,0.38,0.49,29.55,positive,Significantly_Above,OutP
335,DB,Deutsche Bank Aktiengesellschaft,2016/9/27,0.387,0.46,19.7,positive,Significantly_Above,regular
336,DB,Deutsche Bank Aktiengesellschaft,2016/8/28,0.39299999999999996,0.43,9.85,positive,Above_Average,regular
338,DB,Deutsche Bank Aktiengesellschaft,2016/6/27,0.38299999999999995,0.413,7.933,positive,Above_Average,OutP
339,DB,Deutsche Bank Aktiengesellschaft,2016/5/28,0.36700000000000005,0.42700000000000005,15.867,positive,Significantly_Above,regular
340,DB,Deutsche Bank Aktiengesellschaft,2016/4/28,0.35,0.44,23.8,positive,Significantly_Above,regular
341,DB,Deutsche Bank Aktiengesellschaft,2016/3/29,0.5429999999999999,0.273,-19.7,negative,Significantly_Below,UnderP
342,DB,Deutsche Bank Aktiengesellschaft,2016/2/28,0.737,0.107,-63.2,negative,Significantly_Below,regular
343,DB,Deutsche Bank Aktiengesellschaft,2016/1/28,0.93,-0.06,-106.7,negative,Significantly_Below,regular
351,GS,Goldman Sachs Group Inc,2021/3/15,7.6370000000000005,4.027,20.543000000000003,positive,Significantly_Above,OutP
352,GS,Goldman Sachs Group Inc,2021/2/13,7.553,8.052999999999999,41.086999999999996,positive,Significantly_Above,OutP
353,GS,Goldman Sachs Group Inc,2021/1/19,7.47,12.08,61.63,positive,Significantly_Above,OutP
354,GS,Goldman Sachs Group Inc,2020/12/20,6.837000000000001,11.047,61.503,positive,Significantly_Above,OutP
355,GS,Goldman Sachs Group Inc,2020/11/20,6.202999999999999,10.013,61.376999999999995,positive,Significantly_Above,OutP
356,GS,Goldman Sachs Group Inc,2020/10/14,5.57,8.98,61.25,positive,Significantly_Above,regular
357,GS,Goldman Sachs Group Inc,2020/9/14,4.977,6.162999999999999,12.167,positive,Significantly_Above,regular
358,GS,Goldman Sachs Group Inc,2020/8/15,4.383,3.347,-36.917,negative,Significantly_Below,UnderP
359,GS,Goldman Sachs Group Inc,2020/7/15,3.79,0.53,-86.0,negative,Significantly_Below,UnderP
360,GS,Goldman Sachs Group Inc,2020/6/15,3.6430000000000002,1.39,-59.757,negative,Significantly_Below,UnderP
361,GS,Goldman Sachs Group Inc,2020/5/16,3.497,2.25,-33.513000000000005,negative,Significantly_Below,UnderP
362,GS,Goldman Sachs Group Inc,2020/4/15,3.35,3.11,-7.27,negative,Below_Average,UnderP
363,GS,Goldman Sachs Group Inc,2020/3/16,4.0569999999999995,3.637,-9.58,negative,Below_Average,UnderP
364,GS,Goldman Sachs Group Inc,2020/2/15,4.763,4.163,-11.89,negative,Significantly_Below,UnderP
365,GS,Goldman Sachs Group Inc,2020/1/15,5.47,4.69,-14.2,negative,Significantly_Below,UnderP
366,GS,Goldman Sachs Group Inc,2019/12/16,5.252999999999999,4.723,-9.64,negative,Below_Average,UnderP
367,GS,Goldman Sachs Group Inc,2019/11/16,5.037,4.757,-5.08,negative,Below_Average,regular
368,GS,Goldman Sachs Group Inc,2019/10/15,4.82,4.79,-0.52,negative,Neg_Average,regular
369,GS,Goldman Sachs Group Inc,2019/9/15,4.843,5.13,5.91,positive,Above_Average,OutP
370,GS,Goldman Sachs Group Inc,2019/8/16,4.867,5.47,12.34,positive,Significantly_Above,OutP
371,GS,Goldman Sachs Group Inc,2019/7/16,4.89,5.81,18.77,positive,Significantly_Above,OutP
372,GS,Goldman Sachs Group Inc,2019/6/16,4.89,5.777,18.133,positive,Significantly_Above,OutP
373,GS,Goldman Sachs Group Inc,2019/5/17,4.89,5.742999999999999,17.497,positive,Significantly_Above,OutP
374,GS,Goldman Sachs Group Inc,2019/4/15,4.89,5.71,16.86,positive,Significantly_Above,OutP
375,GS,Goldman Sachs Group Inc,2019/3/16,4.743,5.82,23.13,positive,Significantly_Above,OutP
376,GS,Goldman Sachs Group Inc,2019/2/14,4.5969999999999995,5.93,29.4,positive,Significantly_Above,OutP
377,GS,Goldman Sachs Group Inc,2019/1/16,4.45,6.04,35.67,positive,Significantly_Above,OutP
378,GS,Goldman Sachs Group Inc,2018/12/17,4.76,6.12,29.363000000000003,positive,Significantly_Above,OutP
379,GS,Goldman Sachs Group Inc,2018/11/17,5.07,6.2,23.057,positive,Significantly_Above,OutP
380,GS,Goldman Sachs Group Inc,2018/10/16,5.38,6.28,16.75,positive,Significantly_Above,OutP
381,GS,Goldman Sachs Group Inc,2018/9/16,5.14,6.18,20.653000000000002,positive,Significantly_Above,OutP
382,GS,Goldman Sachs Group Inc,2018/8/17,4.9,6.08,24.557,positive,Significantly_Above,OutP
383,GS,Goldman Sachs Group Inc,2018/7/17,4.66,5.98,28.46,positive,Significantly_Above,OutP
384,GS,Goldman Sachs Group Inc,2018/6/17,4.967,6.303,27.127,positive,Significantly_Above,OutP
385,GS,Goldman Sachs Group Inc,2018/5/18,5.273,6.627000000000001,25.793000000000003,positive,Significantly_Above,OutP
386,GS,Goldman Sachs Group Inc,2018/4/17,5.58,6.95,24.46,positive,Significantly_Above,OutP
387,GS,Goldman Sachs Group Inc,2018/3/18,5.36,6.527,21.493000000000002,positive,Significantly_Above,OutP
388,GS,Goldman Sachs Group Inc,2018/2/16,5.14,6.103,18.527,positive,Significantly_Above,OutP
389,GS,Goldman Sachs Group Inc,2018/1/17,4.92,5.68,15.56,positive,Significantly_Above,OutP
390,GS,Goldman Sachs Group Inc,2017/12/18,4.67,5.46,17.187,positive,Significantly_Above,OutP
391,GS,Goldman Sachs Group Inc,2017/11/18,4.42,5.24,18.813,positive,Significantly_Above,OutP
392,GS,Goldman Sachs Group Inc,2017/10/17,4.17,5.02,20.44,positive,Significantly_Above,OutP
393,GS,Goldman Sachs Group Inc,2017/9/17,3.91,4.663,19.18,positive,Significantly_Above,OutP
394,GS,Goldman Sachs Group Inc,2017/8/18,3.65,4.3069999999999995,17.92,positive,Significantly_Above,OutP
395,GS,Goldman Sachs Group Inc,2017/7/18,3.39,3.95,16.66,positive,Significantly_Above,OutP
396,GS,Goldman Sachs Group Inc,2017/6/18,4.03,4.35,10.11,positive,Significantly_Above,regular
397,GS,Goldman Sachs Group Inc,2017/5/19,4.67,4.75,3.56,positive,Pos_Average,regular
398,GS,Goldman Sachs Group Inc,2017/4/18,5.31,5.15,-2.99,negative,Neg_Average,regular
399,GS,Goldman Sachs Group Inc,2017/3/19,5.147,5.127000000000001,-0.203,negative,Neg_Average,regular
400,GS,Goldman Sachs Group Inc,2017/2/17,4.9830000000000005,5.103,2.583,positive,Pos_Average,OutP
401,GS,Goldman Sachs Group Inc,2017/1/18,4.82,5.08,5.37,positive,Above_Average,OutP
402,GS,Goldman Sachs Group Inc,2016/12/19,4.487,5.013,12.82,positive,Significantly_Above,OutP
403,GS,Goldman Sachs Group Inc,2016/11/19,4.1530000000000005,4.947,20.27,positive,Significantly_Above,OutP
404,GS,Goldman Sachs Group Inc,2016/10/18,3.82,4.88,27.72,positive,Significantly_Above,OutP
405,GS,Goldman Sachs Group Inc,2016/9/18,3.5469999999999997,4.493,26.506999999999998,positive,Significantly_Above,OutP
406,GS,Goldman Sachs Group Inc,2016/8/19,3.273,4.107,25.293000000000003,positive,Significantly_Above,OutP
407,GS,Goldman Sachs Group Inc,2016/7/19,3.0,3.72,24.08,positive,Significantly_Above,OutP
408,GS,Goldman Sachs Group Inc,2016/6/19,2.8169999999999997,3.373,19.167,positive,Significantly_Above,OutP
409,GS,Goldman Sachs Group Inc,2016/5/20,2.633,3.0269999999999997,14.253,positive,Significantly_Above,regular
410,GS,Goldman Sachs Group Inc,2016/4/19,2.45,2.68,9.34,positive,Above_Average,regular
411,GS,Goldman Sachs Group Inc,2016/3/20,2.813,2.21,-15.13,negative,Significantly_Below,UnderP
412,GS,Goldman Sachs Group Inc,2016/2/19,3.177,1.74,-39.6,negative,Significantly_Below,regular
413,GS,Goldman Sachs Group Inc,2016/1/20,3.54,1.27,-64.07,negative,Significantly_Below,regular
421,JPM,JPMorgan Chase & Co,2021/3/15,2.727,1.263,14.812999999999999,positive,Significantly_Above,OutP
422,JPM,JPMorgan Chase & Co,2021/2/13,2.673,2.5269999999999997,29.627,positive,Significantly_Above,OutP
423,JPM,JPMorgan Chase & Co,2021/1/15,2.62,3.79,44.44,positive,Significantly_Above,OutP
424,JPM,JPMorgan Chase & Co,2020/12/16,2.49,3.5,40.02,positive,Significantly_Above,OutP
425,JPM,JPMorgan Chase & Co,2020/11/16,2.36,3.21,35.6,positive,Significantly_Above,OutP
426,JPM,JPMorgan Chase & Co,2020/10/13,2.23,2.92,31.18,positive,Significantly_Above,OutP
427,JPM,JPMorgan Chase & Co,2020/9/13,1.8330000000000002,2.407,31.64,positive,Significantly_Above,OutP
428,JPM,JPMorgan Chase & Co,2020/8/14,1.4369999999999998,1.893,32.1,positive,Significantly_Above,OutP
429,JPM,JPMorgan Chase & Co,2020/7/14,1.04,1.38,32.56,positive,Significantly_Above,regular
430,JPM,JPMorgan Chase & Co,2020/6/14,1.307,1.18,2.49,positive,Pos_Average,regular
431,JPM,JPMorgan Chase & Co,2020/5/15,1.5730000000000002,0.98,-27.58,negative,Significantly_Below,UnderP
432,JPM,JPMorgan Chase & Co,2020/4/14,1.84,0.78,-57.65,negative,Significantly_Below,UnderP
433,JPM,JPMorgan Chase & Co,2020/3/15,2.01,1.3769999999999998,-35.327,negative,Significantly_Below,regular
434,JPM,JPMorgan Chase & Co,2020/2/14,2.18,1.973,-13.003,negative,Significantly_Below,regular
435,JPM,JPMorgan Chase & Co,2020/1/14,2.35,2.57,9.32,positive,Above_Average,OutP
436,JPM,JPMorgan Chase & Co,2019/12/15,2.383,2.6069999999999998,9.327,positive,Above_Average,OutP
437,JPM,JPMorgan Chase & Co,2019/11/15,2.417,2.6430000000000002,9.333,positive,Above_Average,OutP
438,JPM,JPMorgan Chase & Co,2019/10/15,2.45,2.68,9.34,positive,Above_Average,OutP
439,JPM,JPMorgan Chase & Co,2019/9/15,2.467,2.727,10.54,positive,Significantly_Above,OutP
440,JPM,JPMorgan Chase & Co,2019/8/16,2.483,2.773,11.74,positive,Significantly_Above,OutP
441,JPM,JPMorgan Chase & Co,2019/7/16,2.5,2.82,12.94,positive,Significantly_Above,OutP
442,JPM,JPMorgan Chase & Co,2019/6/16,2.45,2.763,12.833,positive,Significantly_Above,OutP
443,JPM,JPMorgan Chase & Co,2019/5/17,2.4,2.707,12.727,positive,Significantly_Above,OutP
444,JPM,JPMorgan Chase & Co,2019/4/12,2.35,2.65,12.62,positive,Significantly_Above,regular
445,JPM,JPMorgan Chase & Co,2019/3/13,2.3,2.427,5.08,positive,Above_Average,regular
446,JPM,JPMorgan Chase & Co,2019/2/11,2.25,2.2030000000000003,-2.46,negative,Neg_Average,UnderP
447,JPM,JPMorgan Chase & Co,2019/1/15,2.2,1.98,-10.0,negative,Below_Average,UnderP
448,JPM,JPMorgan Chase & Co,2018/12/16,2.217,2.1,-5.3629999999999995,negative,Below_Average,regular
449,JPM,JPMorgan Chase & Co,2018/11/16,2.233,2.22,-0.727,negative,Neg_Average,regular
450,JPM,JPMorgan Chase & Co,2018/10/12,2.25,2.34,3.91,positive,Pos_Average,OutP
451,JPM,JPMorgan Chase & Co,2018/9/12,2.24,2.323,3.7030000000000003,positive,Pos_Average,OutP
452,JPM,JPMorgan Chase & Co,2018/8/13,2.23,2.307,3.497,positive,Pos_Average,OutP
453,JPM,JPMorgan Chase & Co,2018/7/13,2.22,2.29,3.29,positive,Pos_Average,OutP
454,JPM,JPMorgan Chase & Co,2018/6/13,2.24,2.3169999999999997,3.48,positive,Pos_Average,OutP
455,JPM,JPMorgan Chase & Co,2018/5/14,2.26,2.343,3.67,positive,Pos_Average,OutP
456,JPM,JPMorgan Chase & Co,2018/4/13,2.28,2.37,3.86,positive,Pos_Average,OutP
457,JPM,JPMorgan Chase & Co,2018/3/14,2.083,2.167,3.9330000000000003,positive,Pos_Average,OutP
458,JPM,JPMorgan Chase & Co,2018/2/12,1.8869999999999998,1.963,4.007,positive,Pos_Average,OutP
459,JPM,JPMorgan Chase & Co,2018/1/12,1.69,1.76,4.08,positive,Pos_Average,OutP
460,JPM,JPMorgan Chase & Co,2017/12/13,1.6769999999999998,1.76,4.877,positive,Pos_Average,OutP
461,JPM,JPMorgan Chase & Co,2017/11/13,1.663,1.76,5.672999999999999,positive,Above_Average,OutP
462,JPM,JPMorgan Chase & Co,2017/10/12,1.65,1.76,6.47,positive,Above_Average,OutP
463,JPM,JPMorgan Chase & Co,2017/9/12,1.6269999999999998,1.78,9.302999999999999,positive,Above_Average,OutP
464,JPM,JPMorgan Chase & Co,2017/8/13,1.6030000000000002,1.8,12.137,positive,Significantly_Above,OutP
465,JPM,JPMorgan Chase & Co,2017/7/14,1.58,1.82,14.97,positive,Significantly_Above,OutP
466,JPM,JPMorgan Chase & Co,2017/6/14,1.56,1.7630000000000001,12.853,positive,Significantly_Above,OutP
467,JPM,JPMorgan Chase & Co,2017/5/15,1.54,1.7069999999999999,10.737,positive,Significantly_Above,OutP
468,JPM,JPMorgan Chase & Co,2017/4/13,1.52,1.65,8.62,positive,Above_Average,OutP
469,JPM,JPMorgan Chase & Co,2017/3/14,1.493,1.67,12.107000000000001,positive,Significantly_Above,OutP
470,JPM,JPMorgan Chase & Co,2017/2/12,1.4669999999999999,1.69,15.593,positive,Significantly_Above,OutP
471,JPM,JPMorgan Chase & Co,2017/1/13,1.44,1.71,19.08,positive,Significantly_Above,OutP
472,JPM,JPMorgan Chase & Co,2016/12/14,1.423,1.6669999999999998,17.277,positive,Significantly_Above,OutP
473,JPM,JPMorgan Chase & Co,2016/11/14,1.4069999999999998,1.6230000000000002,15.472999999999999,positive,Significantly_Above,OutP
474,JPM,JPMorgan Chase & Co,2016/10/14,1.39,1.58,13.67,positive,Significantly_Above,OutP
475,JPM,JPMorgan Chase & Co,2016/9/14,1.403,1.57,11.96,positive,Significantly_Above,OutP
476,JPM,JPMorgan Chase & Co,2016/8/15,1.4169999999999998,1.56,10.25,positive,Significantly_Above,OutP
477,JPM,JPMorgan Chase & Co,2016/7/14,1.43,1.55,8.54,positive,Above_Average,OutP
478,JPM,JPMorgan Chase & Co,2016/6/14,1.3730000000000002,1.483,8.16,positive,Above_Average,OutP
479,JPM,JPMorgan Chase & Co,2016/5/15,1.317,1.4169999999999998,7.78,positive,Above_Average,OutP
480,JPM,JPMorgan Chase & Co,2016/4/13,1.26,1.35,7.4,positive,Above_Average,OutP
481,JPM,JPMorgan Chase & Co,2016/3/14,1.2570000000000001,1.34,6.7170000000000005,positive,Above_Average,OutP
482,JPM,JPMorgan Chase & Co,2016/2/13,1.253,1.33,6.0329999999999995,positive,Above_Average,regular
483,JPM,JPMorgan Chase & Co,2016/1/14,1.25,1.32,5.35,positive,Above_Average,regular
491,PNC,PNC Financial Services Group Inc,2021/3/17,2.6069999999999998,1.087,8.222999999999999,positive,Above_Average,OutP
492,PNC,PNC Financial Services Group Inc,2021/2/15,2.613,2.173,16.447,positive,Significantly_Above,OutP
493,PNC,PNC Financial Services Group Inc,2021/1/15,2.62,3.26,24.67,positive,Significantly_Above,OutP
494,PNC,PNC Financial Services Group Inc,2020/12/16,2.4530000000000003,3.303,36.39,positive,Significantly_Above,OutP
495,PNC,PNC Financial Services Group Inc,2020/11/16,2.287,3.347,48.11,positive,Significantly_Above,OutP
496,PNC,PNC Financial Services Group Inc,2020/10/14,2.12,3.39,59.83,positive,Significantly_Above,OutP
497,PNC,PNC Financial Services Group Inc,2020/9/14,1.5830000000000002,5.06,551.3,positive,Significantly_Above,OutP
498,PNC,PNC Financial Services Group Inc,2020/8/15,1.047,6.73,1042.77,positive,Significantly_Above,OutP
499,PNC,PNC Financial Services Group Inc,2020/7/15,0.51,8.4,1534.24,positive,Significantly_Above,OutP
500,PNC,PNC Financial Services Group Inc,2020/6/15,0.91,6.25,1027.46,positive,Significantly_Above,OutP
501,PNC,PNC Financial Services Group Inc,2020/5/16,1.31,4.1,520.68,positive,Significantly_Above,OutP
502,PNC,PNC Financial Services Group Inc,2020/4/15,1.71,1.95,13.9,positive,Significantly_Above,OutP
503,PNC,PNC Financial Services Group Inc,2020/3/16,2.117,2.29,9.687000000000001,positive,Above_Average,OutP
504,PNC,PNC Financial Services Group Inc,2020/2/15,2.523,2.63,5.473,positive,Above_Average,OutP
505,PNC,PNC Financial Services Group Inc,2020/1/15,2.93,2.97,1.26,positive,Pos_Average,OutP
506,PNC,PNC Financial Services Group Inc,2019/12/16,2.887,2.96,2.47,positive,Pos_Average,OutP
507,PNC,PNC Financial Services Group Inc,2019/11/16,2.843,2.95,3.68,positive,Pos_Average,OutP
508,PNC,PNC Financial Services Group Inc,2019/10/16,2.8,2.94,4.89,positive,Pos_Average,OutP
509,PNC,PNC Financial Services Group Inc,2019/9/16,2.807,2.92,3.947,positive,Pos_Average,OutP
510,PNC,PNC Financial Services Group Inc,2019/8/17,2.813,2.9,3.003,positive,Pos_Average,OutP
511,PNC,PNC Financial Services Group Inc,2019/7/17,2.82,2.88,2.06,positive,Pos_Average,OutP
512,PNC,PNC Financial Services Group Inc,2019/6/17,2.75,2.79,1.4,positive,Pos_Average,OutP
513,PNC,PNC Financial Services Group Inc,2019/5/18,2.68,2.7,0.74,positive,Pos_Average,regular
514,PNC,PNC Financial Services Group Inc,2019/4/12,2.61,2.61,0.08,positive,Pos_Average,regular
515,PNC,PNC Financial Services Group Inc,2019/3/13,2.67,2.657,-0.36700000000000005,negative,Neg_Average,UnderP
516,PNC,PNC Financial Services Group Inc,2019/2/11,2.73,2.7030000000000003,-0.813,negative,Neg_Average,regular
517,PNC,PNC Financial Services Group Inc,2019/1/16,2.79,2.75,-1.26,negative,Neg_Average,regular
518,PNC,PNC Financial Services Group Inc,2018/12/17,2.767,2.773,0.33299999999999996,positive,Pos_Average,OutP
519,PNC,PNC Financial Services Group Inc,2018/11/17,2.7430000000000003,2.7969999999999997,1.9269999999999998,positive,Pos_Average,OutP
520,PNC,PNC Financial Services Group Inc,2018/10/12,2.72,2.82,3.52,positive,Pos_Average,OutP
521,PNC,PNC Financial Services Group Inc,2018/9/12,2.673,2.787,4.21,positive,Pos_Average,OutP
522,PNC,PNC Financial Services Group Inc,2018/8/13,2.627,2.753,4.9,positive,Pos_Average,OutP
523,PNC,PNC Financial Services Group Inc,2018/7/13,2.58,2.72,5.59,positive,Above_Average,OutP
524,PNC,PNC Financial Services Group Inc,2018/6/13,2.53,2.623,3.7,positive,Pos_Average,regular
525,PNC,PNC Financial Services Group Inc,2018/5/14,2.48,2.5269999999999997,1.81,positive,Pos_Average,regular
526,PNC,PNC Financial Services Group Inc,2018/4/13,2.43,2.43,-0.08,negative,Neg_Average,regular
527,PNC,PNC Financial Services Group Inc,2018/3/14,2.353,2.383,1.3730000000000002,positive,Pos_Average,OutP
528,PNC,PNC Financial Services Group Inc,2018/2/12,2.2769999999999997,2.3369999999999997,2.827,positive,Pos_Average,OutP
529,PNC,PNC Financial Services Group Inc,2018/1/12,2.2,2.29,4.28,positive,Pos_Average,OutP
530,PNC,PNC Financial Services Group Inc,2017/12/13,2.177,2.247,3.323,positive,Pos_Average,OutP
531,PNC,PNC Financial Services Group Inc,2017/11/13,2.153,2.2030000000000003,2.367,positive,Pos_Average,OutP
532,PNC,PNC Financial Services Group Inc,2017/10/13,2.13,2.16,1.41,positive,Pos_Average,OutP
533,PNC,PNC Financial Services Group Inc,2017/9/13,2.093,2.14,2.313,positive,Pos_Average,OutP
534,PNC,PNC Financial Services Group Inc,2017/8/14,2.057,2.12,3.217,positive,Pos_Average,OutP
535,PNC,PNC Financial Services Group Inc,2017/7/14,2.02,2.1,4.12,positive,Pos_Average,OutP
536,PNC,PNC Financial Services Group Inc,2017/6/14,1.96,2.053,4.94,positive,Pos_Average,OutP
537,PNC,PNC Financial Services Group Inc,2017/5/15,1.9,2.0069999999999997,5.76,positive,Above_Average,OutP
538,PNC,PNC Financial Services Group Inc,2017/4/13,1.84,1.96,6.58,positive,Above_Average,OutP
539,PNC,PNC Financial Services Group Inc,2017/3/14,1.8430000000000002,1.963,6.647,positive,Above_Average,OutP
540,PNC,PNC Financial Services Group Inc,2017/2/12,1.847,1.9669999999999999,6.712999999999999,positive,Above_Average,OutP
541,PNC,PNC Financial Services Group Inc,2017/1/13,1.85,1.97,6.78,positive,Above_Average,OutP
542,PNC,PNC Financial Services Group Inc,2016/12/14,1.827,1.9269999999999998,5.72,positive,Above_Average,OutP
543,PNC,PNC Financial Services Group Inc,2016/11/14,1.8030000000000002,1.883,4.66,positive,Pos_Average,OutP
544,PNC,PNC Financial Services Group Inc,2016/10/14,1.78,1.84,3.6,positive,Pos_Average,OutP
545,PNC,PNC Financial Services Group Inc,2016/9/14,1.77,1.8330000000000002,3.673,positive,Pos_Average,OutP
546,PNC,PNC Financial Services Group Inc,2016/8/15,1.76,1.827,3.747,positive,Pos_Average,OutP
547,PNC,PNC Financial Services Group Inc,2016/7/15,1.75,1.82,3.82,positive,Pos_Average,OutP
548,PNC,PNC Financial Services Group Inc,2016/6/15,1.733,1.7730000000000001,2.117,positive,Pos_Average,regular
549,PNC,PNC Financial Services Group Inc,2016/5/16,1.7169999999999999,1.7269999999999999,0.413,positive,Pos_Average,regular
550,PNC,PNC Financial Services Group Inc,2016/4/14,1.7,1.68,-1.29,negative,Neg_Average,regular
558,SCHW,Charles Schwab Corp,2021/3/14,0.723,0.247,1.607,positive,Pos_Average,OutP
559,SCHW,Charles Schwab Corp,2021/2/12,0.7170000000000001,0.493,3.213,positive,Pos_Average,OutP
560,SCHW,Charles Schwab Corp,2021/1/19,0.71,0.74,4.82,positive,Pos_Average,OutP
561,SCHW,Charles Schwab Corp,2020/12/20,0.627,0.6629999999999999,7.08,positive,Above_Average,OutP
562,SCHW,Charles Schwab Corp,2020/11/20,0.5429999999999999,0.5870000000000001,9.34,positive,Above_Average,OutP
563,SCHW,Charles Schwab Corp,2020/10/15,0.46,0.51,11.6,positive,Significantly_Above,OutP
564,SCHW,Charles Schwab Corp,2020/9/15,0.483,0.52,8.557,positive,Above_Average,OutP
565,SCHW,Charles Schwab Corp,2020/8/16,0.507,0.53,5.513,positive,Above_Average,OutP
566,SCHW,Charles Schwab Corp,2020/7/16,0.53,0.54,2.47,positive,Pos_Average,regular
567,SCHW,Charles Schwab Corp,2020/6/16,0.56,0.563,1.003,positive,Pos_Average,regular
568,SCHW,Charles Schwab Corp,2020/5/17,0.59,0.5870000000000001,-0.46299999999999997,negative,Neg_Average,UnderP
569,SCHW,Charles Schwab Corp,2020/4/15,0.62,0.61,-1.93,negative,Neg_Average,UnderP
570,SCHW,Charles Schwab Corp,2020/3/16,0.627,0.613,-2.2769999999999997,negative,Neg_Average,UnderP
571,SCHW,Charles Schwab Corp,2020/2/15,0.633,0.617,-2.623,negative,Neg_Average,regular
572,SCHW,Charles Schwab Corp,2020/1/16,0.64,0.62,-2.97,negative,Neg_Average,regular
573,SCHW,Charles Schwab Corp,2019/12/17,0.64,0.647,0.973,positive,Pos_Average,OutP
574,SCHW,Charles Schwab Corp,2019/11/17,0.64,0.6729999999999999,4.917,positive,Pos_Average,OutP
575,SCHW,Charles Schwab Corp,2019/10/15,0.64,0.7,8.86,positive,Above_Average,OutP
576,SCHW,Charles Schwab Corp,2019/9/15,0.643,0.687,6.263,positive,Above_Average,OutP
577,SCHW,Charles Schwab Corp,2019/8/16,0.647,0.6729999999999999,3.667,positive,Pos_Average,OutP
578,SCHW,Charles Schwab Corp,2019/7/16,0.65,0.66,1.07,positive,Pos_Average,OutP
579,SCHW,Charles Schwab Corp,2019/6/16,0.653,0.67,2.44,positive,Pos_Average,OutP
580,SCHW,Charles Schwab Corp,2019/5/17,0.657,0.68,3.81,positive,Pos_Average,OutP
581,SCHW,Charles Schwab Corp,2019/4/15,0.66,0.69,5.18,positive,Above_Average,OutP
582,SCHW,Charles Schwab Corp,2019/3/16,0.653,0.677,4.027,positive,Pos_Average,OutP
583,SCHW,Charles Schwab Corp,2019/2/14,0.647,0.6629999999999999,2.873,positive,Pos_Average,OutP
584,SCHW,Charles Schwab Corp,2019/1/16,0.64,0.65,1.72,positive,Pos_Average,OutP
585,SCHW,Charles Schwab Corp,2018/12/17,0.643,0.65,1.3530000000000002,positive,Pos_Average,OutP
586,SCHW,Charles Schwab Corp,2018/11/17,0.647,0.65,0.987,positive,Pos_Average,OutP
587,SCHW,Charles Schwab Corp,2018/10/15,0.65,0.65,0.62,positive,Pos_Average,OutP
588,SCHW,Charles Schwab Corp,2018/9/15,0.627,0.633,1.683,positive,Pos_Average,OutP
589,SCHW,Charles Schwab Corp,2018/8/16,0.603,0.617,2.747,positive,Pos_Average,OutP
590,SCHW,Charles Schwab Corp,2018/7/17,0.58,0.6,3.81,positive,Pos_Average,OutP
591,SCHW,Charles Schwab Corp,2018/6/17,0.5670000000000001,0.583,3.41,positive,Pos_Average,OutP
592,SCHW,Charles Schwab Corp,2018/5/18,0.5529999999999999,0.5670000000000001,3.01,positive,Pos_Average,OutP
593,SCHW,Charles Schwab Corp,2018/4/16,0.54,0.55,2.61,positive,Pos_Average,OutP
594,SCHW,Charles Schwab Corp,2018/3/17,0.49700000000000005,0.513,3.833,positive,Pos_Average,OutP
595,SCHW,Charles Schwab Corp,2018/2/15,0.45299999999999996,0.47700000000000004,5.0569999999999995,positive,Above_Average,OutP
596,SCHW,Charles Schwab Corp,2018/1/17,0.41,0.44,6.28,positive,Above_Average,OutP
597,SCHW,Charles Schwab Corp,2017/12/18,0.41,0.433,5.25,positive,Above_Average,OutP
598,SCHW,Charles Schwab Corp,2017/11/18,0.41,0.42700000000000005,4.22,positive,Pos_Average,OutP
599,SCHW,Charles Schwab Corp,2017/10/16,0.41,0.42,3.19,positive,Pos_Average,OutP
600,SCHW,Charles Schwab Corp,2017/9/16,0.40299999999999997,0.41,2.3,positive,Pos_Average,OutP
601,SCHW,Charles Schwab Corp,2017/8/17,0.397,0.4,1.41,positive,Pos_Average,OutP
602,SCHW,Charles Schwab Corp,2017/7/18,0.39,0.39,0.52,positive,Pos_Average,OutP
603,SCHW,Charles Schwab Corp,2017/6/18,0.38299999999999995,0.39,2.63,positive,Pos_Average,OutP
604,SCHW,Charles Schwab Corp,2017/5/19,0.377,0.39,4.74,positive,Pos_Average,OutP
605,SCHW,Charles Schwab Corp,2017/4/18,0.37,0.39,6.85,positive,Above_Average,OutP
606,SCHW,Charles Schwab Corp,2017/3/19,0.36700000000000005,0.38,4.753,positive,Pos_Average,OutP
607,SCHW,Charles Schwab Corp,2017/2/17,0.363,0.37,2.657,positive,Pos_Average,OutP
608,SCHW,Charles Schwab Corp,2017/1/18,0.36,0.36,0.56,positive,Pos_Average,OutP
609,SCHW,Charles Schwab Corp,2016/12/19,0.35,0.35700000000000004,1.97,positive,Pos_Average,OutP
610,SCHW,Charles Schwab Corp,2016/11/19,0.34,0.353,3.38,positive,Pos_Average,OutP
611,SCHW,Charles Schwab Corp,2016/10/17,0.33,0.35,4.79,positive,Pos_Average,OutP
612,SCHW,Charles Schwab Corp,2016/9/17,0.32,0.33299999999999996,3.417,positive,Pos_Average,OutP
613,SCHW,Charles Schwab Corp,2016/8/18,0.31,0.317,2.043,positive,Pos_Average,OutP
614,SCHW,Charles Schwab Corp,2016/7/18,0.3,0.3,0.67,positive,Pos_Average,regular
615,SCHW,Charles Schwab Corp,2016/6/18,0.297,0.297,0.33299999999999996,positive,Pos_Average,regular
616,SCHW,Charles Schwab Corp,2016/5/19,0.293,0.293,-0.003,negative,Neg_Average,UnderP
617,SCHW,Charles Schwab Corp,2016/4/15,0.29,0.29,-0.34,negative,Neg_Average,UnderP
618,SCHW,Charles Schwab Corp,2016/3/16,0.27699999999999997,0.273,-1.8130000000000002,negative,Neg_Average,UnderP
619,SCHW,Charles Schwab Corp,2016/2/15,0.263,0.257,-3.287,negative,Neg_Average,regular
620,SCHW,Charles Schwab Corp,2016/1/19,0.25,0.24,-4.76,negative,Neg_Average,regular
621,TD,The Toronto-Dominion Bank,2021/2/25,1.49,1.83,23.07,positive,Significantly_Above,OutP
622,TD,The Toronto-Dominion Bank,2021/1/26,1.4169999999999998,1.7530000000000001,24.073,positive,Significantly_Above,OutP
623,TD,The Toronto-Dominion Bank,2020/12/27,1.3430000000000002,1.6769999999999998,25.076999999999998,positive,Significantly_Above,OutP
624,TD,The Toronto-Dominion Bank,2020/12/3,1.27,1.6,26.08,positive,Significantly_Above,OutP
625,TD,The Toronto-Dominion Bank,2020/11/3,1.2429999999999999,1.483,19.01,positive,Significantly_Above,OutP
626,TD,The Toronto-Dominion Bank,2020/10/4,1.217,1.367,11.94,positive,Significantly_Above,OutP
627,TD,The Toronto-Dominion Bank,2020/8/27,1.19,1.25,4.87,positive,Pos_Average,regular
628,TD,The Toronto-Dominion Bank,2020/7/28,1.097,1.117,1.083,positive,Pos_Average,regular
629,TD,The Toronto-Dominion Bank,2020/6/28,1.003,0.983,-2.7030000000000003,negative,Neg_Average,UnderP
630,TD,The Toronto-Dominion Bank,2020/5/28,0.91,0.85,-6.49,negative,Below_Average,UnderP
631,TD,The Toronto-Dominion Bank,2020/4/28,1.167,1.12,-4.783,negative,Neg_Average,UnderP
632,TD,The Toronto-Dominion Bank,2020/3/29,1.423,1.39,-3.077,negative,Neg_Average,UnderP
633,TD,The Toronto-Dominion Bank,2020/2/27,1.68,1.66,-1.37,negative,Neg_Average,UnderP
634,TD,The Toronto-Dominion Bank,2020/1/28,1.6969999999999998,1.6369999999999998,-3.593,negative,Neg_Average,UnderP
635,TD,The Toronto-Dominion Bank,2019/12/29,1.713,1.6130000000000002,-5.817,negative,Below_Average,UnderP
636,TD,The Toronto-Dominion Bank,2019/12/5,1.73,1.59,-8.04,negative,Below_Average,UnderP
637,TD,The Toronto-Dominion Bank,2019/11/5,1.757,1.6569999999999998,-5.693,negative,Below_Average,UnderP
638,TD,The Toronto-Dominion Bank,2019/10/6,1.7830000000000001,1.723,-3.347,negative,Neg_Average,regular
639,TD,The Toronto-Dominion Bank,2019/8/29,1.81,1.79,-1.0,negative,Neg_Average,regular
640,TD,The Toronto-Dominion Bank,2019/7/30,1.77,1.777,0.47700000000000004,positive,Pos_Average,OutP
641,TD,The Toronto-Dominion Bank,2019/6/30,1.73,1.7630000000000001,1.953,positive,Pos_Average,regular
642,TD,The Toronto-Dominion Bank,2019/5/23,1.69,1.75,3.43,positive,Pos_Average,regular
643,TD,The Toronto-Dominion Bank,2019/4/23,1.7,1.69,-0.53,negative,Neg_Average,UnderP
644,TD,The Toronto-Dominion Bank,2019/3/24,1.71,1.63,-4.49,negative,Neg_Average,UnderP
645,TD,The Toronto-Dominion Bank,2019/2/28,1.72,1.57,-8.45,negative,Below_Average,UnderP
646,TD,The Toronto-Dominion Bank,2019/1/29,1.6869999999999998,1.59,-5.343,negative,Below_Average,regular
647,TD,The Toronto-Dominion Bank,2018/12/30,1.653,1.61,-2.237,negative,Neg_Average,regular
648,TD,The Toronto-Dominion Bank,2018/11/29,1.62,1.63,0.87,positive,Pos_Average,OutP
649,TD,The Toronto-Dominion Bank,2018/10/30,1.6230000000000002,1.64,1.213,positive,Pos_Average,OutP
650,TD,The Toronto-Dominion Bank,2018/9/30,1.6269999999999998,1.65,1.557,positive,Pos_Average,OutP
651,TD,The Toronto-Dominion Bank,2018/8/30,1.63,1.66,1.9,positive,Pos_Average,OutP
652,TD,The Toronto-Dominion Bank,2018/7/31,1.59,1.6469999999999998,3.813,positive,Pos_Average,OutP
653,TD,The Toronto-Dominion Bank,2018/7/1,1.55,1.633,5.727,positive,Above_Average,OutP
654,TD,The Toronto-Dominion Bank,2018/5/24,1.51,1.62,7.64,positive,Above_Average,OutP
655,TD,The Toronto-Dominion Bank,2018/4/24,1.5,1.6,7.013,positive,Above_Average,OutP
656,TD,The Toronto-Dominion Bank,2018/3/25,1.49,1.58,6.3870000000000005,positive,Above_Average,OutP
657,TD,The Toronto-Dominion Bank,2018/3/1,1.48,1.56,5.76,positive,Above_Average,OutP
658,TD,The Toronto-Dominion Bank,2018/1/30,1.45,1.493,3.073,positive,Pos_Average,regular
659,TD,The Toronto-Dominion Bank,2017/12/31,1.42,1.4269999999999998,0.387,positive,Pos_Average,regular
660,TD,The Toronto-Dominion Bank,2017/11/30,1.39,1.36,-2.3,negative,Neg_Average,regular
661,TD,The Toronto-Dominion Bank,2017/10/31,1.38,1.41,2.1430000000000002,positive,Pos_Average,OutP
662,TD,The Toronto-Dominion Bank,2017/10/1,1.37,1.46,6.587000000000001,positive,Above_Average,OutP
663,TD,The Toronto-Dominion Bank,2017/8/31,1.36,1.51,11.03,positive,Significantly_Above,OutP
664,TD,The Toronto-Dominion Bank,2017/8/1,1.32,1.453,9.953,positive,Above_Average,OutP
665,TD,The Toronto-Dominion Bank,2017/7/2,1.28,1.3969999999999998,8.877,positive,Above_Average,OutP
666,TD,The Toronto-Dominion Bank,2017/5/25,1.24,1.34,7.8,positive,Above_Average,OutP
667,TD,The Toronto-Dominion Bank,2017/4/25,1.25,1.337,6.803,positive,Above_Average,OutP
668,TD,The Toronto-Dominion Bank,2017/3/26,1.26,1.3330000000000002,5.807,positive,Above_Average,OutP
669,TD,The Toronto-Dominion Bank,2017/3/2,1.27,1.33,4.81,positive,Pos_Average,OutP
670,TD,The Toronto-Dominion Bank,2017/1/31,1.253,1.2930000000000001,3.233,positive,Pos_Average,OutP
671,TD,The Toronto-Dominion Bank,2017/1/1,1.237,1.2570000000000001,1.6569999999999998,positive,Pos_Average,OutP
672,TD,The Toronto-Dominion Bank,2016/12/1,1.22,1.22,0.08,positive,Pos_Average,OutP
673,TD,The Toronto-Dominion Bank,2016/11/1,1.217,1.237,1.59,positive,Pos_Average,OutP
674,TD,The Toronto-Dominion Bank,2016/10/2,1.213,1.253,3.1,positive,Pos_Average,OutP
675,TD,The Toronto-Dominion Bank,2016/8/25,1.21,1.27,4.61,positive,Pos_Average,OutP
676,TD,The Toronto-Dominion Bank,2016/7/26,1.197,1.247,4.0169999999999995,positive,Pos_Average,OutP
677,TD,The Toronto-Dominion Bank,2016/6/26,1.183,1.2229999999999999,3.423,positive,Pos_Average,OutP
678,TD,The Toronto-Dominion Bank,2016/5/26,1.17,1.2,2.83,positive,Pos_Average,OutP
679,TD,The Toronto-Dominion Bank,2016/4/26,1.177,1.193,1.58,positive,Pos_Average,regular
680,TD,The Toronto-Dominion Bank,2016/3/27,1.183,1.187,0.33,positive,Pos_Average,regular
681,TD,The Toronto-Dominion Bank,2016/2/25,1.19,1.18,-0.92,negative,Neg_Average,regular
682,UBS,UBS Group AG,2021/1/26,0.28,0.46,64.29,positive,Significantly_Above,OutP
683,UBS,UBS Group AG,2020/12/27,0.273,0.493,82.16,positive,Significantly_Above,OutP
684,UBS,UBS Group AG,2020/11/27,0.267,0.527,100.03,positive,Significantly_Above,OutP
685,UBS,UBS Group AG,2020/10/20,0.26,0.56,117.9,positive,Significantly_Above,OutP
686,UBS,UBS Group AG,2020/9/20,0.243,0.483,97.647,positive,Significantly_Above,OutP
687,UBS,UBS Group AG,2020/8/21,0.22699999999999998,0.40700000000000003,77.393,positive,Significantly_Above,OutP
688,UBS,UBS Group AG,2020/7/21,0.21,0.33,57.14,positive,Significantly_Above,OutP
689,UBS,UBS Group AG,2020/6/21,0.27,0.363,41.99,positive,Significantly_Above,OutP
690,UBS,UBS Group AG,2020/5/22,0.33,0.397,26.84,positive,Significantly_Above,OutP
691,UBS,UBS Group AG,2020/5/5,0.39,0.43,11.69,positive,Significantly_Above,OutP
692,UBS,UBS Group AG,2020/4/5,0.32299999999999995,0.377,21.83,positive,Significantly_Above,OutP
693,UBS,UBS Group AG,2020/3/6,0.257,0.32299999999999995,31.97,positive,Significantly_Above,OutP
694,UBS,UBS Group AG,2020/1/21,0.19,0.27,42.11,positive,Significantly_Above,OutP
695,UBS,UBS Group AG,2019/12/22,0.21,0.28300000000000003,36.073,positive,Significantly_Above,OutP
696,UBS,UBS Group AG,2019/11/22,0.23,0.297,30.037,positive,Significantly_Above,OutP
697,UBS,UBS Group AG,2019/11/20,0.25,0.31,24.0,positive,Significantly_Above,OutP
698,UBS,UBS Group AG,2019/10/21,0.29,0.33,16.0,positive,Significantly_Above,regular
699,UBS,UBS Group AG,2019/9/21,0.33,0.35,8.0,positive,Above_Average,regular
701,UBS,UBS Group AG,2019/7/21,0.33,0.34700000000000003,6.827000000000001,positive,Above_Average,OutP
702,UBS,UBS Group AG,2019/6/21,0.29,0.32299999999999995,13.652999999999999,positive,Significantly_Above,OutP
703,UBS,UBS Group AG,2019/4/25,0.25,0.3,20.48,positive,Significantly_Above,regular
704,UBS,UBS Group AG,2019/3/26,0.243,0.263,7.242999999999999,positive,Above_Average,regular
705,UBS,UBS Group AG,2019/2/24,0.237,0.22699999999999998,-5.992999999999999,negative,Below_Average,UnderP
706,UBS,UBS Group AG,2019/1/22,0.23,0.19,-19.23,negative,Significantly_Below,UnderP
707,UBS,UBS Group AG,2018/12/23,0.26,0.243,-9.657,negative,Below_Average,regular
708,UBS,UBS Group AG,2018/11/23,0.29,0.297,-0.083,negative,Neg_Average,regular
709,UBS,UBS Group AG,2018/10/25,0.32,0.35,9.49,positive,Above_Average,OutP
710,UBS,UBS Group AG,2018/9/25,0.337,0.35700000000000004,6.87,positive,Above_Average,OutP
711,UBS,UBS Group AG,2018/8/26,0.353,0.363,4.25,positive,Pos_Average,OutP
712,UBS,UBS Group AG,2018/7/24,0.37,0.37,1.63,positive,Pos_Average,OutP
713,UBS,UBS Group AG,2018/6/24,0.37,0.38,3.887,positive,Pos_Average,OutP
714,UBS,UBS Group AG,2018/5/25,0.37,0.39,6.143,positive,Above_Average,OutP
715,UBS,UBS Group AG,2018/4/23,0.37,0.4,8.4,positive,Above_Average,OutP
716,UBS,UBS Group AG,2018/3/24,0.32,0.35700000000000004,13.093,positive,Significantly_Above,OutP
717,UBS,UBS Group AG,2018/2/22,0.27,0.313,17.787,positive,Significantly_Above,OutP
718,UBS,UBS Group AG,2018/1/22,0.22,0.27,22.48,positive,Significantly_Above,OutP
719,UBS,UBS Group AG,2017/12/23,0.263,0.29,13.54,positive,Significantly_Above,regular
720,UBS,UBS Group AG,2017/11/23,0.307,0.31,4.6,positive,Pos_Average,regular
721,UBS,UBS Group AG,2017/10/27,0.35,0.33,-4.34,negative,Neg_Average,regular
722,UBS,UBS Group AG,2017/9/27,0.35,0.34700000000000003,-0.107,negative,Neg_Average,regular
723,UBS,UBS Group AG,2017/8/28,0.35,0.363,4.127,positive,Pos_Average,OutP
724,UBS,UBS Group AG,2017/7/28,0.35,0.38,8.36,positive,Above_Average,OutP
725,UBS,UBS Group AG,2017/6/28,0.34299999999999997,0.38299999999999995,11.633,positive,Significantly_Above,OutP
726,UBS,UBS Group AG,2017/5/29,0.337,0.387,14.907,positive,Significantly_Above,OutP
727,UBS,UBS Group AG,2017/4/28,0.33,0.39,18.18,positive,Significantly_Above,OutP
728,UBS,UBS Group AG,2017/3/29,0.28,0.34299999999999997,24.323,positive,Significantly_Above,OutP
729,UBS,UBS Group AG,2017/2/27,0.23,0.297,30.467,positive,Significantly_Above,OutP
730,UBS,UBS Group AG,2017/1/27,0.18,0.25,36.61,positive,Significantly_Above,OutP
731,UBS,UBS Group AG,2016/12/28,0.217,0.27,26.706999999999997,positive,Significantly_Above,OutP
732,UBS,UBS Group AG,2016/11/28,0.253,0.29,16.803,positive,Significantly_Above,OutP
733,UBS,UBS Group AG,2016/10/28,0.29,0.31,6.9,positive,Above_Average,OutP
734,UBS,UBS Group AG,2016/9/28,0.193,0.31,4.6,positive,Pos_Average,regular
735,UBS,UBS Group AG,2016/8/29,0.09699999999999999,0.31,2.3,positive,Pos_Average,regular
737,UBS,UBS Group AG,2016/6/29,0.09699999999999999,0.297,-1.973,negative,Neg_Average,UnderP
738,UBS,UBS Group AG,2016/5/30,0.193,0.28300000000000003,-3.947,negative,Neg_Average,UnderP
739,UBS,UBS Group AG,2016/5/3,0.29,0.27,-5.92,negative,Below_Average,UnderP
740,UBS,UBS Group AG,2016/4/3,0.32299999999999995,0.3,-6.273,negative,Below_Average,UnderP
741,UBS,UBS Group AG,2016/3/4,0.35700000000000004,0.33,-6.627000000000001,negative,Below_Average,regular
742,UBS,UBS Group AG,2016/2/2,0.39,0.36,-6.98,negative,Below_Average,regular
750,USB,U.S. Bancorp,2021/3/16,0.93,0.317,0.107,positive,Pos_Average,OutP
751,USB,U.S. Bancorp,2021/2/14,0.94,0.633,0.213,positive,Pos_Average,OutP
752,USB,U.S. Bancorp,2021/1/20,0.95,0.95,0.32,positive,Pos_Average,OutP
753,USB,U.S. Bancorp,2020/12/21,0.937,0.963,3.103,positive,Pos_Average,OutP
754,USB,U.S. Bancorp,2020/11/21,0.9229999999999999,0.977,5.8870000000000005,positive,Above_Average,OutP
755,USB,U.S. Bancorp,2020/10/14,0.91,0.99,8.67,positive,Above_Average,OutP
756,USB,U.S. Bancorp,2020/9/14,0.68,0.797,34.007,positive,Significantly_Above,OutP
757,USB,U.S. Bancorp,2020/8/15,0.45,0.603,59.343,positive,Significantly_Above,OutP
758,USB,U.S. Bancorp,2020/7/15,0.22,0.41,84.68,positive,Significantly_Above,OutP
759,USB,U.S. Bancorp,2020/6/15,0.34,0.513,64.28699999999999,positive,Significantly_Above,OutP
760,USB,U.S. Bancorp,2020/5/16,0.46,0.617,43.893,positive,Significantly_Above,OutP
761,USB,U.S. Bancorp,2020/4/15,0.58,0.72,23.5,positive,Significantly_Above,regular
762,USB,U.S. Bancorp,2020/3/16,0.747,0.78,10.01,positive,Significantly_Above,regular
763,USB,U.S. Bancorp,2020/2/15,0.9129999999999999,0.84,-3.48,negative,Neg_Average,UnderP
764,USB,U.S. Bancorp,2020/1/15,1.08,0.9,-16.97,negative,Significantly_Below,UnderP
765,USB,U.S. Bancorp,2019/12/16,1.09,0.983,-10.142999999999999,negative,Significantly_Below,regular
766,USB,U.S. Bancorp,2019/11/16,1.1,1.067,-3.3169999999999997,negative,Neg_Average,regular
767,USB,U.S. Bancorp,2019/10/16,1.11,1.15,3.51,positive,Pos_Average,OutP
768,USB,U.S. Bancorp,2019/9/16,1.097,1.13,3.0269999999999997,positive,Pos_Average,OutP
769,USB,U.S. Bancorp,2019/8/17,1.083,1.11,2.543,positive,Pos_Average,OutP
770,USB,U.S. Bancorp,2019/7/17,1.07,1.09,2.06,positive,Pos_Average,OutP
771,USB,U.S. Bancorp,2019/6/17,1.047,1.06,1.307,positive,Pos_Average,regular
772,USB,U.S. Bancorp,2019/5/18,1.023,1.03,0.5529999999999999,positive,Pos_Average,regular
773,USB,U.S. Bancorp,2019/4/17,1.0,1.0,-0.2,negative,Neg_Average,regular
774,USB,U.S. Bancorp,2019/3/18,1.02,1.023,0.27699999999999997,positive,Pos_Average,OutP
775,USB,U.S. Bancorp,2019/2/16,1.04,1.047,0.753,positive,Pos_Average,OutP
776,USB,U.S. Bancorp,2019/1/16,1.06,1.07,1.23,positive,Pos_Average,OutP
777,USB,U.S. Bancorp,2018/12/17,1.057,1.067,1.3,positive,Pos_Average,OutP
778,USB,U.S. Bancorp,2018/11/17,1.053,1.063,1.37,positive,Pos_Average,OutP
779,USB,U.S. Bancorp,2018/10/17,1.05,1.06,1.44,positive,Pos_Average,OutP
780,USB,U.S. Bancorp,2018/9/17,1.033,1.047,1.49,positive,Pos_Average,OutP
781,USB,U.S. Bancorp,2018/8/18,1.0170000000000001,1.033,1.54,positive,Pos_Average,OutP
782,USB,U.S. Bancorp,2018/7/18,1.0,1.02,1.59,positive,Pos_Average,OutP
783,USB,U.S. Bancorp,2018/6/18,0.983,1.0,1.59,positive,Pos_Average,OutP
784,USB,U.S. Bancorp,2018/5/19,0.9670000000000001,0.98,1.59,positive,Pos_Average,OutP
785,USB,U.S. Bancorp,2018/4/18,0.95,0.96,1.59,positive,Pos_Average,OutP
786,USB,U.S. Bancorp,2018/3/19,0.9229999999999999,0.9329999999999999,1.52,positive,Pos_Average,OutP
787,USB,U.S. Bancorp,2018/2/17,0.897,0.907,1.45,positive,Pos_Average,OutP
788,USB,U.S. Bancorp,2018/1/17,0.87,0.88,1.38,positive,Pos_Average,OutP
789,USB,U.S. Bancorp,2017/12/18,0.873,0.88,0.883,positive,Pos_Average,regular
790,USB,U.S. Bancorp,2017/11/18,0.877,0.88,0.387,positive,Pos_Average,regular
791,USB,U.S. Bancorp,2017/10/18,0.88,0.88,-0.11,negative,Neg_Average,regular
792,USB,U.S. Bancorp,2017/9/18,0.867,0.87,0.163,positive,Pos_Average,OutP
793,USB,U.S. Bancorp,2017/8/19,0.853,0.86,0.43700000000000006,positive,Pos_Average,OutP
794,USB,U.S. Bancorp,2017/7/19,0.84,0.85,0.71,positive,Pos_Average,OutP
795,USB,U.S. Bancorp,2017/6/19,0.8270000000000001,0.84,1.307,positive,Pos_Average,OutP
796,USB,U.S. Bancorp,2017/5/20,0.813,0.83,1.903,positive,Pos_Average,OutP
797,USB,U.S. Bancorp,2017/4/19,0.8,0.82,2.5,positive,Pos_Average,OutP
798,USB,U.S. Bancorp,2017/3/20,0.8029999999999999,0.82,2.1630000000000003,positive,Pos_Average,OutP
799,USB,U.S. Bancorp,2017/2/18,0.807,0.82,1.827,positive,Pos_Average,OutP
800,USB,U.S. Bancorp,2017/1/18,0.81,0.82,1.49,positive,Pos_Average,OutP
801,USB,U.S. Bancorp,2016/12/19,0.8170000000000001,0.8270000000000001,1.2329999999999999,positive,Pos_Average,OutP
802,USB,U.S. Bancorp,2016/11/19,0.823,0.833,0.977,positive,Pos_Average,OutP
803,USB,U.S. Bancorp,2016/10/19,0.83,0.84,0.72,positive,Pos_Average,OutP
804,USB,U.S. Bancorp,2016/9/19,0.82,0.8370000000000001,1.643,positive,Pos_Average,OutP
805,USB,U.S. Bancorp,2016/8/20,0.81,0.833,2.5669999999999997,positive,Pos_Average,OutP
806,USB,U.S. Bancorp,2016/7/15,0.8,0.83,3.49,positive,Pos_Average,OutP
807,USB,U.S. Bancorp,2016/6/15,0.787,0.807,2.4130000000000003,positive,Pos_Average,OutP
808,USB,U.S. Bancorp,2016/5/16,0.773,0.7829999999999999,1.337,positive,Pos_Average,OutP
809,USB,U.S. Bancorp,2016/4/20,0.76,0.76,0.26,positive,Pos_Average,OutP
810,USB,U.S. Bancorp,2016/3/21,0.77,0.77,0.217,positive,Pos_Average,OutP
811,USB,U.S. Bancorp,2016/2/20,0.78,0.78,0.17300000000000001,positive,Pos_Average,regular
812,USB,U.S. Bancorp,2016/1/15,0.79,0.79,0.13,positive,Pos_Average,regular
820,WFC,Wells Fargo & Co,2021/3/15,0.6,0.213,2.34,positive,Pos_Average,OutP
821,WFC,Wells Fargo & Co,2021/2/13,0.6,0.42700000000000005,4.68,positive,Pos_Average,OutP
822,WFC,Wells Fargo & Co,2021/1/15,0.6,0.64,7.02,positive,Above_Average,regular
823,WFC,Wells Fargo & Co,2020/12/16,0.55,0.5670000000000001,2.457,positive,Pos_Average,regular
824,WFC,Wells Fargo & Co,2020/11/16,0.5,0.493,-2.1069999999999998,negative,Neg_Average,UnderP
825,WFC,Wells Fargo & Co,2020/10/14,0.45,0.42,-6.67,negative,Below_Average,UnderP
826,WFC,Wells Fargo & Co,2020/9/14,0.233,0.06,-81.113,negative,Significantly_Below,UnderP
827,WFC,Wells Fargo & Co,2020/8/15,0.017,-0.3,-155.55700000000002,negative,Significantly_Below,UnderP
828,WFC,Wells Fargo & Co,2020/7/14,-0.2,-0.66,-230.0,negative,Significantly_Below,UnderP
829,WFC,Wells Fargo & Co,2020/6/14,-0.023,-0.43700000000000006,-185.64700000000002,negative,Significantly_Below,UnderP
830,WFC,Wells Fargo & Co,2020/5/15,0.153,-0.213,-141.293,negative,Significantly_Below,UnderP
831,WFC,Wells Fargo & Co,2020/4/14,0.33,0.01,-96.94,negative,Significantly_Below,UnderP
832,WFC,Wells Fargo & Co,2020/3/15,0.593,0.207,-80.15,negative,Significantly_Below,UnderP
833,WFC,Wells Fargo & Co,2020/2/14,0.857,0.40299999999999997,-63.36,negative,Significantly_Below,UnderP
834,WFC,Wells Fargo & Co,2020/1/14,1.12,0.6,-46.57,negative,Significantly_Below,UnderP
835,WFC,Wells Fargo & Co,2019/12/15,1.13,0.7070000000000001,-37.597,negative,Significantly_Below,UnderP
836,WFC,Wells Fargo & Co,2019/11/15,1.14,0.813,-28.623,negative,Significantly_Below,UnderP
837,WFC,Wells Fargo & Co,2019/10/15,1.15,0.92,-19.65,negative,Significantly_Below,regular
838,WFC,Wells Fargo & Co,2019/9/15,1.15,1.047,-8.817,negative,Below_Average,regular
839,WFC,Wells Fargo & Co,2019/8/16,1.15,1.173,2.017,positive,Pos_Average,OutP
840,WFC,Wells Fargo & Co,2019/7/16,1.15,1.3,12.85,positive,Significantly_Above,OutP
841,WFC,Wells Fargo & Co,2019/6/16,1.13,1.2670000000000001,11.83,positive,Significantly_Above,OutP
842,WFC,Wells Fargo & Co,2019/5/17,1.11,1.2329999999999999,10.81,positive,Significantly_Above,OutP
843,WFC,Wells Fargo & Co,2019/4/12,1.09,1.2,9.79,positive,Above_Average,OutP
844,WFC,Wells Fargo & Co,2019/3/13,1.117,1.203,7.577000000000001,positive,Above_Average,OutP
845,WFC,Wells Fargo & Co,2019/2/11,1.143,1.207,5.3629999999999995,positive,Above_Average,OutP
846,WFC,Wells Fargo & Co,2019/1/15,1.17,1.21,3.15,positive,Pos_Average,regular
847,WFC,Wells Fargo & Co,2018/12/16,1.17,1.183,0.907,positive,Pos_Average,regular
848,WFC,Wells Fargo & Co,2018/11/16,1.17,1.157,-1.337,negative,Neg_Average,UnderP
849,WFC,Wells Fargo & Co,2018/10/12,1.17,1.13,-3.58,negative,Neg_Average,UnderP
850,WFC,Wells Fargo & Co,2018/9/12,1.153,1.08,-6.473,negative,Below_Average,UnderP
851,WFC,Wells Fargo & Co,2018/8/13,1.137,1.03,-9.367,negative,Below_Average,UnderP
852,WFC,Wells Fargo & Co,2018/7/13,1.12,0.98,-12.26,negative,Significantly_Below,UnderP
853,WFC,Wells Fargo & Co,2018/6/13,1.103,1.0270000000000001,-6.452999999999999,negative,Below_Average,regular
854,WFC,Wells Fargo & Co,2018/5/14,1.087,1.073,-0.647,negative,Neg_Average,regular
855,WFC,Wells Fargo & Co,2018/4/13,1.07,1.12,5.16,positive,Above_Average,regular
856,WFC,Wells Fargo & Co,2018/3/14,1.07,1.07,0.43700000000000006,positive,Pos_Average,regular
857,WFC,Wells Fargo & Co,2018/2/12,1.07,1.02,-4.287,negative,Neg_Average,UnderP
858,WFC,Wells Fargo & Co,2018/1/12,1.07,0.97,-9.01,negative,Below_Average,UnderP
859,WFC,Wells Fargo & Co,2017/12/13,1.053,0.927,-12.023,negative,Significantly_Below,UnderP
860,WFC,Wells Fargo & Co,2017/11/13,1.037,0.883,-15.037,negative,Significantly_Below,UnderP
861,WFC,Wells Fargo & Co,2017/10/13,1.02,0.84,-18.05,negative,Significantly_Below,UnderP
862,WFC,Wells Fargo & Co,2017/9/13,1.0170000000000001,0.917,-10.052999999999999,negative,Significantly_Below,regular
863,WFC,Wells Fargo & Co,2017/8/14,1.013,0.993,-2.057,negative,Neg_Average,regular
864,WFC,Wells Fargo & Co,2017/7/14,1.01,1.07,5.94,positive,Above_Average,OutP
865,WFC,Wells Fargo & Co,2017/6/14,0.997,1.047,5.132999999999999,positive,Above_Average,OutP
866,WFC,Wells Fargo & Co,2017/5/15,0.983,1.023,4.327,positive,Pos_Average,OutP
867,WFC,Wells Fargo & Co,2017/4/13,0.97,1.0,3.52,positive,Pos_Average,regular
868,WFC,Wells Fargo & Co,2017/3/14,0.98,0.987,1.047,positive,Pos_Average,regular
869,WFC,Wells Fargo & Co,2017/2/12,0.99,0.973,-1.4269999999999998,negative,Neg_Average,UnderP
870,WFC,Wells Fargo & Co,2017/1/13,1.0,0.96,-3.9,negative,Neg_Average,regular
871,WFC,Wells Fargo & Co,2016/12/14,1.003,0.983,-1.8730000000000002,negative,Neg_Average,regular
872,WFC,Wells Fargo & Co,2016/11/14,1.0070000000000001,1.0070000000000001,0.153,positive,Pos_Average,OutP
873,WFC,Wells Fargo & Co,2016/10/14,1.01,1.03,2.18,positive,Pos_Average,OutP
874,WFC,Wells Fargo & Co,2016/9/14,1.01,1.023,1.52,positive,Pos_Average,OutP
875,WFC,Wells Fargo & Co,2016/8/15,1.01,1.0170000000000001,0.86,positive,Pos_Average,OutP
876,WFC,Wells Fargo & Co,2016/7/15,1.01,1.01,0.2,positive,Pos_Average,OutP
877,WFC,Wells Fargo & Co,2016/6/15,0.997,1.003,0.7170000000000001,positive,Pos_Average,OutP
878,WFC,Wells Fargo & Co,2016/5/16,0.983,0.997,1.2329999999999999,positive,Pos_Average,OutP
879,WFC,Wells Fargo & Co,2016/4/14,0.97,0.99,1.75,positive,Pos_Average,OutP
880,WFC,Wells Fargo & Co,2016/3/15,0.987,1.003,1.4269999999999998,positive,Pos_Average,OutP
881,WFC,Wells Fargo & Co,2016/2/14,1.003,1.0170000000000001,1.103,positive,Pos_Average,regular
882,WFC,Wells Fargo & Co,2016/1/15,1.02,1.03,0.78,positive,Pos_Average,regular
890,WU,Western Union Co,2021/4/3,0.447,0.15,2.467,positive,Pos_Average,OutP
891,WU,Western Union Co,2021/3/4,0.433,0.3,4.933,positive,Pos_Average,OutP
892,WU,Western Union Co,2021/2/10,0.42,0.45,7.4,positive,Above_Average,OutP
893,WU,Western Union Co,2021/1/11,0.433,0.49,12.637,positive,Significantly_Above,OutP
894,WU,Western Union Co,2020/12/12,0.447,0.53,17.873,positive,Significantly_Above,OutP
895,WU,Western Union Co,2020/10/29,0.46,0.57,23.11,positive,Significantly_Above,OutP
896,WU,Western Union Co,2020/9/29,0.423,0.517,21.46,positive,Significantly_Above,OutP
897,WU,Western Union Co,2020/8/30,0.387,0.46299999999999997,19.81,positive,Significantly_Above,OutP
898,WU,Western Union Co,2020/8/4,0.35,0.41,18.16,positive,Significantly_Above,OutP
899,WU,Western Union Co,2020/7/5,0.37,0.42,14.373,positive,Significantly_Above,OutP
900,WU,Western Union Co,2020/6/5,0.39,0.43,10.587,positive,Significantly_Above,OutP
901,WU,Western Union Co,2020/5/5,0.41,0.44,6.8,positive,Above_Average,regular
902,WU,Western Union Co,2020/4/5,0.41700000000000004,0.42,0.863,positive,Pos_Average,regular
903,WU,Western Union Co,2020/3/6,0.423,0.4,-5.073,negative,Below_Average,UnderP
904,WU,Western Union Co,2020/2/11,0.43,0.38,-11.01,negative,Significantly_Below,regular
905,WU,Western Union Co,2020/1/12,0.44,0.41700000000000004,-5.242999999999999,negative,Below_Average,regular
906,WU,Western Union Co,2019/12/13,0.45,0.45299999999999996,0.523,positive,Pos_Average,regular
907,WU,Western Union Co,2019/10/31,0.46,0.49,6.29,positive,Above_Average,regular
908,WU,Western Union Co,2019/10/1,0.507,0.47700000000000004,-4.263,negative,Neg_Average,UnderP
909,WU,Western Union Co,2019/9/1,0.5529999999999999,0.46299999999999997,-14.817,negative,Significantly_Below,UnderP
910,WU,Western Union Co,2019/8/1,0.6,0.45,-25.37,negative,Significantly_Below,UnderP
911,WU,Western Union Co,2019/7/2,0.5429999999999999,0.43700000000000006,-18.24,negative,Significantly_Below,UnderP
912,WU,Western Union Co,2019/6/2,0.48700000000000004,0.423,-11.11,negative,Significantly_Below,UnderP
913,WU,Western Union Co,2019/5/7,0.43,0.41,-3.98,negative,Neg_Average,UnderP
914,WU,Western Union Co,2019/4/7,0.45,0.43700000000000006,-2.79,negative,Neg_Average,UnderP
915,WU,Western Union Co,2019/3/8,0.47,0.46299999999999997,-1.6,negative,Neg_Average,regular
916,WU,Western Union Co,2019/2/7,0.49,0.49,-0.41,negative,Neg_Average,regular
917,WU,Western Union Co,2019/1/8,0.48700000000000004,0.5,2.657,positive,Pos_Average,OutP
918,WU,Western Union Co,2018/12/9,0.483,0.51,5.723,positive,Above_Average,OutP
919,WU,Western Union Co,2018/11/1,0.48,0.52,8.79,positive,Above_Average,OutP
920,WU,Western Union Co,2018/10/2,0.47700000000000004,0.5,5.15,positive,Above_Average,regular
921,WU,Western Union Co,2018/9/2,0.473,0.48,1.51,positive,Pos_Average,regular
922,WU,Western Union Co,2018/8/2,0.47,0.46,-2.13,negative,Neg_Average,regular
923,WU,Western Union Co,2018/7/3,0.45299999999999996,0.457,0.623,positive,Pos_Average,OutP
924,WU,Western Union Co,2018/6/3,0.43700000000000006,0.45299999999999996,3.377,positive,Pos_Average,OutP
925,WU,Western Union Co,2018/5/1,0.42,0.45,6.13,positive,Above_Average,regular
926,WU,Western Union Co,2018/4/1,0.43,0.43700000000000006,1.123,positive,Pos_Average,regular
927,WU,Western Union Co,2018/3/2,0.44,0.423,-3.883,negative,Neg_Average,regular
928,WU,Western Union Co,2018/2/13,0.45,0.41,-8.89,negative,Below_Average,regular
929,WU,Western Union Co,2018/1/14,0.45,0.45,0.087,positive,Pos_Average,OutP
930,WU,Western Union Co,2017/12/15,0.45,0.49,9.062999999999999,positive,Above_Average,OutP
931,WU,Western Union Co,2017/11/2,0.45,0.53,18.04,positive,Significantly_Above,OutP
932,WU,Western Union Co,2017/10/3,0.44,0.52,18.852999999999998,positive,Significantly_Above,OutP
933,WU,Western Union Co,2017/9/3,0.43,0.51,19.667,positive,Significantly_Above,OutP
934,WU,Western Union Co,2017/8/3,0.42,0.5,20.48,positive,Significantly_Above,regular
935,WU,Western Union Co,2017/7/4,0.41,0.45,9.93,positive,Above_Average,regular
936,WU,Western Union Co,2017/6/4,0.4,0.4,-0.62,negative,Neg_Average,UnderP
937,WU,Western Union Co,2017/5/2,0.39,0.35,-11.17,negative,Significantly_Below,regular
938,WU,Western Union Co,2017/4/2,0.40299999999999997,0.39,-4.09,negative,Neg_Average,regular
939,WU,Western Union Co,2017/3/3,0.41700000000000004,0.43,2.99,positive,Pos_Average,OutP
940,WU,Western Union Co,2017/2/9,0.43,0.47,10.07,positive,Significantly_Above,OutP
941,WU,Western Union Co,2017/1/10,0.433,0.46,6.487,positive,Above_Average,regular
942,WU,Western Union Co,2016/12/11,0.43700000000000006,0.45,2.903,positive,Pos_Average,regular
943,WU,Western Union Co,2016/11/1,0.44,0.44,-0.68,negative,Neg_Average,regular
944,WU,Western Union Co,2016/10/2,0.42700000000000005,0.433,1.04,positive,Pos_Average,OutP
945,WU,Western Union Co,2016/9/2,0.413,0.42700000000000005,2.76,positive,Pos_Average,OutP
946,WU,Western Union Co,2016/8/3,0.4,0.42,4.48,positive,Pos_Average,regular
947,WU,Western Union Co,2016/7/4,0.39299999999999996,0.40299999999999997,2.197,positive,Pos_Average,regular
948,WU,Western Union Co,2016/6/4,0.387,0.387,-0.087,negative,Neg_Average,UnderP
949,WU,Western Union Co,2016/5/3,0.38,0.37,-2.37,negative,Neg_Average,UnderP
950,WU,Western Union Co,2016/4/3,0.39299999999999996,0.387,-1.34,negative,Neg_Average,regular
951,WU,Western Union Co,2016/3/4,0.40700000000000003,0.40299999999999997,-0.31,negative,Neg_Average,regular
952,WU,Western Union Co,2016/2/9,0.42,0.42,0.72,positive,Pos_Average,regular
